goal_id;world_cup_year;match_id;team_id;team_name;team_code;scored_by_player;shirt_number;minute;additional_minute;match_period;own_goal;penalty
G-0001;1930;M-1930-01;T-28;France;FRA;P-09831;0;19;0;1H;0;0
G-0002;1930;M-1930-01;T-28;France;FRA;P-05670;0;40;0;1H;0;0
G-0003;1930;M-1930-01;T-28;France;FRA;P-07295;0;43;0;1H;0;0
G-0004;1930;M-1930-01;T-28;France;FRA;P-07295;0;87;0;2H;0;0
G-0005;1930;M-1930-01;T-44;Mexico;MEX;P-03952;0;70;0;2H;0;0
G-0006;1930;M-1930-02;T-79;United States;USA;P-09935;0;23;0;1H;0;0
G-0007;1930;M-1930-02;T-79;United States;USA;P-06672;0;45;0;1H;0;0
G-0008;1930;M-1930-02;T-79;United States;USA;P-09215;0;69;0;2H;0;0
G-0009;1930;M-1930-03;T-83;Yugoslavia;YUG;P-00319;0;21;0;1H;0;0
G-0010;1930;M-1930-03;T-83;Yugoslavia;YUG;P-06435;0;30;0;1H;0;0
G-0011;1930;M-1930-03;T-09;Brazil;BRA;P-03855;0;62;0;2H;0;0
G-0012;1930;M-1930-04;T-58;Romania;ROU;P-00978;0;1;0;1H;0;0
G-0013;1930;M-1930-04;T-58;Romania;ROU;P-04102;0;79;0;2H;0;0
G-0014;1930;M-1930-04;T-58;Romania;ROU;P-02034;0;89;0;2H;0;0
G-0015;1930;M-1930-04;T-54;Peru;PER;P-00521;0;75;0;2H;0;0
G-0016;1930;M-1930-05;T-03;Argentina;ARG;P-03789;0;81;0;2H;0;0
G-0017;1930;M-1930-06;T-13;Chile;CHL;P-04216;0;3;0;1H;0;0
G-0018;1930;M-1930-06;T-13;Chile;CHL;P-04216;0;65;0;2H;0;0
G-0019;1930;M-1930-06;T-13;Chile;CHL;P-04652;0;52;0;2H;1;0
G-0020;1930;M-1930-07;T-83;Yugoslavia;YUG;P-06435;0;60;0;2H;0;0
G-0021;1930;M-1930-07;T-83;Yugoslavia;YUG;P-06435;0;67;0;2H;0;0
G-0022;1930;M-1930-07;T-83;Yugoslavia;YUG;P-00296;0;65;0;2H;0;0
G-0023;1930;M-1930-07;T-83;Yugoslavia;YUG;P-03989;0;85;0;2H;0;0
G-0024;1930;M-1930-08;T-79;United States;USA;P-09215;0;10;0;1H;0;0
G-0025;1930;M-1930-08;T-79;United States;USA;P-09215;0;15;0;1H;0;0
G-0026;1930;M-1930-08;T-79;United States;USA;P-09215;0;50;0;2H;0;0
G-0027;1930;M-1930-09;T-80;Uruguay;URY;P-00826;0;65;0;2H;0;0
G-0028;1930;M-1930-10;T-13;Chile;CHL;P-04702;0;67;0;2H;0;0
G-0029;1930;M-1930-11;T-03;Argentina;ARG;P-04418;0;8;0;1H;0;0
G-0030;1930;M-1930-11;T-03;Argentina;ARG;P-04418;0;17;0;1H;0;0
G-0031;1930;M-1930-11;T-03;Argentina;ARG;P-04418;0;80;0;2H;0;0
G-0032;1930;M-1930-11;T-03;Argentina;ARG;P-00455;0;12;0;1H;0;0
G-0033;1930;M-1930-11;T-03;Argentina;ARG;P-00455;0;55;0;2H;0;0
G-0034;1930;M-1930-11;T-03;Argentina;ARG;P-00290;0;53;0;2H;0;0
G-0035;1930;M-1930-11;T-44;Mexico;MEX;P-04652;0;42;0;1H;0;1
G-0036;1930;M-1930-11;T-44;Mexico;MEX;P-04652;0;65;0;2H;0;0
G-0037;1930;M-1930-11;T-44;Mexico;MEX;P-04746;0;75;0;2H;0;0
G-0038;1930;M-1930-12;T-09;Brazil;BRA;P-04578;0;37;0;1H;0;0
G-0039;1930;M-1930-12;T-09;Brazil;BRA;P-04578;0;73;0;2H;0;0
G-0040;1930;M-1930-12;T-09;Brazil;BRA;P-03855;0;57;0;2H;0;0
G-0041;1930;M-1930-12;T-09;Brazil;BRA;P-03855;0;83;0;2H;0;0
G-0042;1930;M-1930-13;T-53;Paraguay;PRY;P-06978;0;40;0;1H;0;0
G-0043;1930;M-1930-14;T-80;Uruguay;URY;P-00275;0;7;0;1H;0;0
G-0044;1930;M-1930-14;T-80;Uruguay;URY;P-02775;0;26;0;1H;0;0
G-0045;1930;M-1930-14;T-80;Uruguay;URY;P-08997;0;31;0;1H;0;0
G-0046;1930;M-1930-14;T-80;Uruguay;URY;P-00724;0;35;0;1H;0;0
G-0047;1930;M-1930-15;T-03;Argentina;ARG;P-04418;0;12;0;1H;0;0
G-0048;1930;M-1930-15;T-03;Argentina;ARG;P-04418;0;13;0;1H;0;0
G-0049;1930;M-1930-15;T-03;Argentina;ARG;P-06416;0;51;0;2H;0;0
G-0050;1930;M-1930-15;T-13;Chile;CHL;P-04702;0;15;0;1H;0;0
G-0051;1930;M-1930-16;T-03;Argentina;ARG;P-03789;0;20;0;1H;0;0
G-0052;1930;M-1930-16;T-03;Argentina;ARG;P-03988;0;56;0;2H;0;0
G-0053;1930;M-1930-16;T-03;Argentina;ARG;P-04418;0;69;0;2H;0;0
G-0054;1930;M-1930-16;T-03;Argentina;ARG;P-04418;0;87;0;2H;0;0
G-0055;1930;M-1930-16;T-03;Argentina;ARG;P-03816;0;80;0;2H;0;0
G-0056;1930;M-1930-16;T-03;Argentina;ARG;P-03816;0;85;0;2H;0;0
G-0057;1930;M-1930-16;T-79;United States;USA;P-05896;0;89;0;2H;0;0
G-0058;1930;M-1930-17;T-80;Uruguay;URY;P-00724;0;18;0;1H;0;0
G-0059;1930;M-1930-17;T-80;Uruguay;URY;P-00724;0;67;0;2H;0;0
G-0060;1930;M-1930-17;T-80;Uruguay;URY;P-00724;0;72;0;2H;0;0
G-0061;1930;M-1930-17;T-80;Uruguay;URY;P-08997;0;20;0;1H;0;0
G-0062;1930;M-1930-17;T-80;Uruguay;URY;P-08997;0;31;0;1H;0;0
G-0063;1930;M-1930-17;T-80;Uruguay;URY;P-05989;0;61;0;2H;0;0
G-0064;1930;M-1930-17;T-83;Yugoslavia;YUG;P-03989;0;4;0;1H;0;0
G-0065;1930;M-1930-18;T-80;Uruguay;URY;P-00275;0;12;0;1H;0;0
G-0066;1930;M-1930-18;T-80;Uruguay;URY;P-00724;0;57;0;2H;0;0
G-0067;1930;M-1930-18;T-80;Uruguay;URY;P-05989;0;68;0;2H;0;0
G-0068;1930;M-1930-18;T-80;Uruguay;URY;P-00826;0;89;0;2H;0;0
G-0069;1930;M-1930-18;T-03;Argentina;ARG;P-03816;0;20;0;1H;0;0
G-0070;1930;M-1930-18;T-03;Argentina;ARG;P-04418;0;37;0;1H;0;0
G-0071;1934;M-1934-01;T-05;Austria;AUT;P-07395;0;44;0;1H;0;0
G-0072;1934;M-1934-01;T-05;Austria;AUT;P-06987;0;93;0;ET, 1H;0;0
G-0073;1934;M-1934-01;T-05;Austria;AUT;P-03565;0;109;0;ET, 2H;0;0
G-0074;1934;M-1934-01;T-28;France;FRA;P-01289;0;18;0;1H;0;0
G-0075;1934;M-1934-01;T-28;France;FRA;P-00692;0;116;0;ET, 2H;0;1
G-0076;1934;M-1934-02;T-20;Czechoslovakia;CSK;P-02061;0;50;0;2H;0;0
G-0077;1934;M-1934-02;T-20;Czechoslovakia;CSK;P-05627;0;67;0;2H;0;0
G-0078;1934;M-1934-02;T-58;Romania;ROU;P-08716;0;11;0;1H;0;0
G-0079;1934;M-1934-03;T-29;Germany;DEU;P-01808;0;25;0;1H;0;0
G-0080;1934;M-1934-03;T-29;Germany;DEU;P-06647;0;49;0;2H;0;0
G-0081;1934;M-1934-03;T-29;Germany;DEU;P-03649;0;66;0;2H;0;0
G-0082;1934;M-1934-03;T-29;Germany;DEU;P-03649;0;70;0;2H;0;0
G-0083;1934;M-1934-03;T-29;Germany;DEU;P-03649;0;87;0;2H;0;0
G-0084;1934;M-1934-03;T-06;Belgium;BEL;P-00804;0;29;0;1H;0;0
G-0085;1934;M-1934-03;T-06;Belgium;BEL;P-00804;0;43;0;1H;0;0
G-0086;1934;M-1934-04;T-34;Hungary;HUN;P-09365;0;11;0;1H;0;0
G-0087;1934;M-1934-04;T-34;Hungary;HUN;P-07150;0;31;0;1H;0;0
G-0088;1934;M-1934-04;T-34;Hungary;HUN;P-07150;0;61;0;2H;0;0
G-0089;1934;M-1934-04;T-34;Hungary;HUN;P-04863;0;53;0;2H;0;0
G-0090;1934;M-1934-04;T-25;Egypt;EGY;P-07685;0;35;0;1H;0;0
G-0091;1934;M-1934-04;T-25;Egypt;EGY;P-07685;0;39;0;1H;0;0
G-0092;1934;M-1934-05;T-39;Italy;ITA;P-02250;0;18;0;1H;0;0
G-0093;1934;M-1934-05;T-39;Italy;ITA;P-02250;0;29;0;1H;0;0
G-0094;1934;M-1934-05;T-39;Italy;ITA;P-02250;0;64;0;2H;0;0
G-0095;1934;M-1934-05;T-39;Italy;ITA;P-06734;0;20;0;1H;0;0
G-0096;1934;M-1934-05;T-39;Italy;ITA;P-06734;0;69;0;2H;0;0
G-0097;1934;M-1934-05;T-39;Italy;ITA;P-06750;0;63;0;2H;0;0
G-0098;1934;M-1934-05;T-39;Italy;ITA;P-03621;0;90;0;2H;0;0
G-0099;1934;M-1934-05;T-79;United States;USA;P-01139;0;57;0;2H;0;0
G-0100;1934;M-1934-06;T-70;Spain;ESP;P-09183;0;18;0;1H;0;1
G-0101;1934;M-1934-06;T-70;Spain;ESP;P-09183;0;25;0;1H;0;0
G-0102;1934;M-1934-06;T-70;Spain;ESP;P-02668;0;29;0;1H;0;0
G-0103;1934;M-1934-06;T-09;Brazil;BRA;P-03023;0;55;0;2H;0;0
G-0104;1934;M-1934-07;T-71;Sweden;SWE;P-06290;0;9;0;1H;0;0
G-0105;1934;M-1934-07;T-71;Sweden;SWE;P-06290;0;67;0;2H;0;0
G-0106;1934;M-1934-07;T-71;Sweden;SWE;P-01191;0;79;0;2H;0;0
G-0107;1934;M-1934-07;T-03;Argentina;ARG;P-09883;0;4;0;1H;0;0
G-0108;1934;M-1934-07;T-03;Argentina;ARG;P-03717;0;48;0;2H;0;0
G-0109;1934;M-1934-08;T-72;Switzerland;CHE;P-08185;0;7;0;1H;0;0
G-0110;1934;M-1934-08;T-72;Switzerland;CHE;P-08185;0;43;0;1H;0;0
G-0111;1934;M-1934-08;T-72;Switzerland;CHE;P-05367;0;66;0;2H;0;0
G-0112;1934;M-1934-08;T-46;Netherlands;NLD;P-01717;0;29;0;1H;0;0
G-0113;1934;M-1934-08;T-46;Netherlands;NLD;P-05901;0;69;0;2H;0;0
G-0114;1934;M-1934-09;T-05;Austria;AUT;P-08559;0;8;0;1H;0;0
G-0115;1934;M-1934-09;T-05;Austria;AUT;P-03943;0;51;0;2H;0;0
G-0116;1934;M-1934-09;T-34;Hungary;HUN;P-02366;0;60;0;2H;0;1
G-0117;1934;M-1934-10;T-20;Czechoslovakia;CSK;P-05088;0;24;0;1H;0;0
G-0118;1934;M-1934-10;T-20;Czechoslovakia;CSK;P-02890;0;49;0;2H;0;0
G-0119;1934;M-1934-10;T-20;Czechoslovakia;CSK;P-05627;0;82;0;2H;0;0
G-0120;1934;M-1934-10;T-72;Switzerland;CHE;P-08185;0;18;0;1H;0;0
G-0121;1934;M-1934-10;T-72;Switzerland;CHE;P-06523;0;78;0;2H;0;0
G-0122;1934;M-1934-11;T-29;Germany;DEU;P-04731;0;60;0;2H;0;0
G-0123;1934;M-1934-11;T-29;Germany;DEU;P-04731;0;63;0;2H;0;0
G-0124;1934;M-1934-11;T-71;Sweden;SWE;P-01236;0;82;0;2H;0;0
G-0125;1934;M-1934-12;T-39;Italy;ITA;P-06750;0;44;0;1H;0;0
G-0126;1934;M-1934-12;T-70;Spain;ESP;P-03198;0;30;0;1H;0;0
G-0127;1934;M-1934-13;T-39;Italy;ITA;P-03621;0;11;0;1H;0;0
G-0128;1934;M-1934-14;T-20;Czechoslovakia;CSK;P-05627;0;21;0;1H;0;0
G-0129;1934;M-1934-14;T-20;Czechoslovakia;CSK;P-05627;0;69;0;2H;0;0
G-0130;1934;M-1934-14;T-20;Czechoslovakia;CSK;P-05627;0;80;0;2H;0;0
G-0131;1934;M-1934-14;T-29;Germany;DEU;P-08354;0;62;0;2H;0;0
G-0132;1934;M-1934-15;T-39;Italy;ITA;P-04599;0;19;0;1H;0;0
G-0133;1934;M-1934-16;T-29;Germany;DEU;P-09992;0;1;0;1H;0;0
G-0134;1934;M-1934-16;T-29;Germany;DEU;P-09992;0;42;0;1H;0;0
G-0135;1934;M-1934-16;T-29;Germany;DEU;P-03649;0;27;0;1H;0;0
G-0136;1934;M-1934-16;T-05;Austria;AUT;P-08559;0;28;0;1H;0;0
G-0137;1934;M-1934-16;T-05;Austria;AUT;P-00993;0;54;0;2H;0;0
G-0138;1934;M-1934-17;T-39;Italy;ITA;P-06734;0;81;0;2H;0;0
G-0139;1934;M-1934-17;T-39;Italy;ITA;P-02250;0;95;0;ET, 1H;0;0
G-0140;1934;M-1934-17;T-20;Czechoslovakia;CSK;P-02061;0;71;0;2H;0;0
G-0141;1938;M-1938-01;T-72;Switzerland;CHE;P-05367;0;43;0;1H;0;0
G-0142;1938;M-1938-01;T-29;Germany;DEU;P-01368;0;29;0;1H;0;0
G-0143;1938;M-1938-02;T-18;Cuba;CUB;P-05379;0;44;0;1H;0;0
G-0144;1938;M-1938-02;T-18;Cuba;CUB;P-05379;0;103;0;ET, 1H;0;0
G-0145;1938;M-1938-02;T-18;Cuba;CUB;P-01298;0;69;0;2H;0;0
G-0146;1938;M-1938-02;T-58;Romania;ROU;P-05831;0;35;0;1H;0;0
G-0147;1938;M-1938-02;T-58;Romania;ROU;P-01365;0;88;0;2H;0;0
G-0148;1938;M-1938-02;T-58;Romania;ROU;P-08716;0;105;0;ET, 1H;0;0
G-0149;1938;M-1938-03;T-28;France;FRA;P-06225;0;1;0;1H;0;0
G-0150;1938;M-1938-03;T-28;France;FRA;P-01289;0;16;0;1H;0;0
G-0151;1938;M-1938-03;T-28;France;FRA;P-01289;0;69;0;2H;0;0
G-0152;1938;M-1938-03;T-06;Belgium;BEL;P-02231;0;38;0;1H;0;0
G-0153;1938;M-1938-04;T-34;Hungary;HUN;P-07816;0;13;0;1H;0;0
G-0154;1938;M-1938-04;T-34;Hungary;HUN;P-07150;0;15;0;1H;0;0
G-0155;1938;M-1938-04;T-34;Hungary;HUN;P-02366;0;28;0;1H;0;0
G-0156;1938;M-1938-04;T-34;Hungary;HUN;P-02366;0;89;0;2H;0;0
G-0157;1938;M-1938-04;T-34;Hungary;HUN;P-04466;0;35;0;1H;0;0
G-0158;1938;M-1938-04;T-34;Hungary;HUN;P-04466;0;76;0;2H;0;0
G-0159;1938;M-1938-05;T-39;Italy;ITA;P-00963;0;2;0;1H;0;0
G-0160;1938;M-1938-05;T-39;Italy;ITA;P-08824;0;94;0;ET, 1H;0;0
G-0161;1938;M-1938-05;T-51;Norway;NOR;P-00254;0;83;0;2H;0;0
G-0162;1938;M-1938-06;T-09;Brazil;BRA;P-03023;0;18;0;1H;0;0
G-0163;1938;M-1938-06;T-09;Brazil;BRA;P-03023;0;93;0;ET, 1H;0;0
G-0164;1938;M-1938-06;T-09;Brazil;BRA;P-03023;0;104;0;ET, 1H;0;0
G-0165;1938;M-1938-06;T-09;Brazil;BRA;P-06138;0;25;0;1H;0;0
G-0166;1938;M-1938-06;T-09;Brazil;BRA;P-00023;0;44;0;1H;0;0
G-0167;1938;M-1938-06;T-09;Brazil;BRA;P-00023;0;71;0;2H;0;0
G-0168;1938;M-1938-06;T-55;Poland;POL;P-08493;0;23;0;1H;0;1
G-0169;1938;M-1938-06;T-55;Poland;POL;P-00461;0;53;0;2H;0;0
G-0170;1938;M-1938-06;T-55;Poland;POL;P-00461;0;59;0;2H;0;0
G-0171;1938;M-1938-06;T-55;Poland;POL;P-00461;0;89;0;2H;0;0
G-0172;1938;M-1938-06;T-55;Poland;POL;P-00461;0;118;0;ET, 2H;0;0
G-0173;1938;M-1938-07;T-20;Czechoslovakia;CSK;P-01268;0;93;0;ET, 1H;0;0
G-0174;1938;M-1938-07;T-20;Czechoslovakia;CSK;P-06064;0;111;0;ET, 2H;0;0
G-0175;1938;M-1938-07;T-20;Czechoslovakia;CSK;P-05627;0;118;0;ET, 2H;0;0
G-0176;1938;M-1938-08;T-18;Cuba;CUB;P-05379;0;51;0;2H;0;0
G-0177;1938;M-1938-08;T-18;Cuba;CUB;P-01184;0;57;0;2H;0;0
G-0178;1938;M-1938-08;T-58;Romania;ROU;P-08716;0;35;0;1H;0;0
G-0179;1938;M-1938-09;T-72;Switzerland;CHE;P-06459;0;42;0;1H;0;0
G-0180;1938;M-1938-09;T-72;Switzerland;CHE;P-01417;0;64;0;2H;0;0
G-0181;1938;M-1938-09;T-72;Switzerland;CHE;P-05367;0;75;0;2H;0;0
G-0182;1938;M-1938-09;T-72;Switzerland;CHE;P-05367;0;78;0;2H;0;0
G-0183;1938;M-1938-09;T-29;Germany;DEU;P-04109;0;8;0;1H;0;0
G-0184;1938;M-1938-09;T-29;Germany;DEU;P-09000;0;22;0;1H;1;0
G-0185;1938;M-1938-10;T-09;Brazil;BRA;P-03023;0;30;0;1H;0;0
G-0186;1938;M-1938-10;T-20;Czechoslovakia;CSK;P-05627;0;65;0;2H;0;1
G-0187;1938;M-1938-11;T-34;Hungary;HUN;P-02366;0;40;0;1H;0;0
G-0188;1938;M-1938-11;T-34;Hungary;HUN;P-04466;0;89;0;2H;0;0
G-0189;1938;M-1938-12;T-39;Italy;ITA;P-03238;0;9;0;1H;0;0
G-0190;1938;M-1938-12;T-39;Italy;ITA;P-08824;0;51;0;2H;0;0
G-0191;1938;M-1938-12;T-39;Italy;ITA;P-08824;0;72;0;2H;0;0
G-0192;1938;M-1938-12;T-28;France;FRA;P-01176;0;10;0;1H;0;0
G-0193;1938;M-1938-13;T-71;Sweden;SWE;P-02236;0;9;0;1H;0;0
G-0194;1938;M-1938-13;T-71;Sweden;SWE;P-02236;0;81;0;2H;0;0
G-0195;1938;M-1938-13;T-71;Sweden;SWE;P-02236;0;89;0;2H;0;0
G-0196;1938;M-1938-13;T-71;Sweden;SWE;P-08959;0;22;0;1H;0;0
G-0197;1938;M-1938-13;T-71;Sweden;SWE;P-08959;0;37;0;1H;0;0
G-0198;1938;M-1938-13;T-71;Sweden;SWE;P-08959;0;44;0;1H;0;0
G-0199;1938;M-1938-13;T-71;Sweden;SWE;P-05555;0;80;0;2H;0;0
G-0200;1938;M-1938-13;T-71;Sweden;SWE;P-06562;0;84;0;2H;0;0
G-0201;1938;M-1938-14;T-09;Brazil;BRA;P-03023;0;57;0;2H;0;0
G-0202;1938;M-1938-14;T-09;Brazil;BRA;P-04054;0;62;0;2H;0;0
G-0203;1938;M-1938-14;T-20;Czechoslovakia;CSK;P-03747;0;25;0;1H;0;0
G-0204;1938;M-1938-15;T-34;Hungary;HUN;P-02582;0;37;0;1H;0;0
G-0205;1938;M-1938-15;T-34;Hungary;HUN;P-04466;0;39;0;1H;0;0
G-0206;1938;M-1938-15;T-34;Hungary;HUN;P-04466;0;85;0;2H;0;0
G-0207;1938;M-1938-15;T-34;Hungary;HUN;P-02366;0;65;0;2H;0;0
G-0208;1938;M-1938-15;T-71;Sweden;SWE;P-06562;0;1;0;1H;0;0
G-0209;1938;M-1938-15;T-34;Hungary;HUN;P-05054;0;19;0;1H;1;0
G-0210;1938;M-1938-16;T-39;Italy;ITA;P-03238;0;51;0;2H;0;0
G-0211;1938;M-1938-16;T-39;Italy;ITA;P-03621;0;60;0;2H;0;1
G-0212;1938;M-1938-16;T-09;Brazil;BRA;P-06138;0;87;0;2H;0;0
G-0213;1938;M-1938-17;T-09;Brazil;BRA;P-06138;0;44;0;1H;0;0
G-0214;1938;M-1938-17;T-09;Brazil;BRA;P-03023;0;63;0;2H;0;0
G-0215;1938;M-1938-17;T-09;Brazil;BRA;P-03023;0;74;0;2H;0;0
G-0216;1938;M-1938-17;T-09;Brazil;BRA;P-00023;0;80;0;2H;0;0
G-0217;1938;M-1938-17;T-71;Sweden;SWE;P-06290;0;28;0;1H;0;0
G-0218;1938;M-1938-17;T-71;Sweden;SWE;P-06562;0;38;0;1H;0;0
G-0219;1938;M-1938-18;T-39;Italy;ITA;P-03238;0;6;0;1H;0;0
G-0220;1938;M-1938-18;T-39;Italy;ITA;P-03238;0;35;0;1H;0;0
G-0221;1938;M-1938-18;T-39;Italy;ITA;P-08824;0;16;0;1H;0;0
G-0222;1938;M-1938-18;T-39;Italy;ITA;P-08824;0;82;0;2H;0;0
G-0223;1938;M-1938-18;T-34;Hungary;HUN;P-02582;0;8;0;1H;0;0
G-0224;1938;M-1938-18;T-34;Hungary;HUN;P-02366;0;70;0;2H;0;0
G-0225;1950;M-1950-01;T-09;Brazil;BRA;P-04188;0;30;0;1H;0;0
G-0226;1950;M-1950-01;T-09;Brazil;BRA;P-04188;0;79;0;2H;0;0
G-0227;1950;M-1950-01;T-09;Brazil;BRA;P-06471;0;65;0;2H;0;0
G-0228;1950;M-1950-01;T-09;Brazil;BRA;P-02090;0;71;0;2H;0;0
G-0229;1950;M-1950-02;T-83;Yugoslavia;YUG;P-07614;0;59;0;2H;0;0
G-0230;1950;M-1950-02;T-83;Yugoslavia;YUG;P-06934;0;70;0;2H;0;0
G-0231;1950;M-1950-02;T-83;Yugoslavia;YUG;P-04537;0;84;0;2H;0;0
G-0232;1950;M-1950-03;T-27;England;ENG;P-07259;0;39;0;1H;0;0
G-0233;1950;M-1950-03;T-27;England;ENG;P-04023;0;51;0;2H;0;0
G-0234;1950;M-1950-04;T-70;Spain;ESP;P-03617;0;81;0;2H;0;0
G-0235;1950;M-1950-04;T-70;Spain;ESP;P-08187;0;83;0;2H;0;0
G-0236;1950;M-1950-04;T-70;Spain;ESP;P-03281;0;89;0;2H;0;0
G-0237;1950;M-1950-04;T-79;United States;USA;P-01452;0;17;0;1H;0;0
G-0238;1950;M-1950-05;T-71;Sweden;SWE;P-00166;0;25;0;1H;0;0
G-0239;1950;M-1950-05;T-71;Sweden;SWE;P-00166;0;68;0;2H;0;0
G-0240;1950;M-1950-05;T-71;Sweden;SWE;P-06904;0;33;0;1H;0;0
G-0241;1950;M-1950-05;T-39;Italy;ITA;P-08248;0;7;0;1H;0;0
G-0242;1950;M-1950-05;T-39;Italy;ITA;P-00854;0;75;0;2H;0;0
G-0243;1950;M-1950-06;T-09;Brazil;BRA;P-00257;0;3;0;1H;0;0
G-0244;1950;M-1950-06;T-09;Brazil;BRA;P-02090;0;32;0;1H;0;0
G-0245;1950;M-1950-06;T-72;Switzerland;CHE;P-08600;0;17;0;1H;0;0
G-0246;1950;M-1950-06;T-72;Switzerland;CHE;P-08600;0;88;0;2H;0;0
G-0247;1950;M-1950-07;T-83;Yugoslavia;YUG;P-04917;0;20;0;1H;0;0
G-0248;1950;M-1950-07;T-83;Yugoslavia;YUG;P-06963;0;23;0;1H;0;0
G-0249;1950;M-1950-07;T-83;Yugoslavia;YUG;P-06963;0;51;0;2H;0;0
G-0250;1950;M-1950-07;T-83;Yugoslavia;YUG;P-06934;0;81;0;2H;0;0
G-0251;1950;M-1950-07;T-44;Mexico;MEX;P-01505;0;89;0;2H;0;1
G-0252;1950;M-1950-08;T-70;Spain;ESP;P-08187;0;17;0;1H;0;0
G-0253;1950;M-1950-08;T-70;Spain;ESP;P-03281;0;30;0;1H;0;0
G-0254;1950;M-1950-09;T-79;United States;USA;P-00852;0;38;0;1H;0;0
G-0255;1950;M-1950-10;T-71;Sweden;SWE;P-06002;0;17;0;1H;0;0
G-0256;1950;M-1950-10;T-71;Sweden;SWE;P-09097;0;26;0;1H;0;0
G-0257;1950;M-1950-10;T-53;Paraguay;PRY;P-02013;0;35;0;1H;0;0
G-0258;1950;M-1950-10;T-53;Paraguay;PRY;P-04742;0;74;0;2H;0;0
G-0259;1950;M-1950-11;T-09;Brazil;BRA;P-04188;0;4;0;1H;0;0
G-0260;1950;M-1950-11;T-09;Brazil;BRA;P-05390;0;69;0;2H;0;0
G-0261;1950;M-1950-12;T-13;Chile;CHL;P-09540;0;16;0;1H;0;0
G-0262;1950;M-1950-12;T-13;Chile;CHL;P-07187;0;32;0;1H;0;0
G-0263;1950;M-1950-12;T-13;Chile;CHL;P-07187;0;60;0;2H;0;0
G-0264;1950;M-1950-12;T-13;Chile;CHL;P-03441;0;54;0;2H;0;0
G-0265;1950;M-1950-12;T-13;Chile;CHL;P-09291;0;82;0;2H;0;0
G-0266;1950;M-1950-12;T-79;United States;USA;P-00014;0;47;0;2H;0;0
G-0267;1950;M-1950-12;T-79;United States;USA;P-08718;0;48;0;2H;0;1
G-0268;1950;M-1950-13;T-70;Spain;ESP;P-03281;0;48;0;2H;0;0
G-0269;1950;M-1950-14;T-39;Italy;ITA;P-08248;0;12;0;1H;0;0
G-0270;1950;M-1950-14;T-39;Italy;ITA;P-04878;0;62;0;2H;0;0
G-0271;1950;M-1950-15;T-80;Uruguay;URY;P-06216;0;14;0;1H;0;0
G-0272;1950;M-1950-15;T-80;Uruguay;URY;P-06216;0;40;0;1H;0;0
G-0273;1950;M-1950-15;T-80;Uruguay;URY;P-06216;0;51;0;2H;0;0
G-0274;1950;M-1950-15;T-80;Uruguay;URY;P-02966;0;18;0;1H;0;0
G-0275;1950;M-1950-15;T-80;Uruguay;URY;P-08519;0;23;0;1H;0;0
G-0276;1950;M-1950-15;T-80;Uruguay;URY;P-08519;0;54;0;2H;0;0
G-0277;1950;M-1950-15;T-80;Uruguay;URY;P-03134;0;83;0;2H;0;0
G-0278;1950;M-1950-15;T-80;Uruguay;URY;P-02673;0;87;0;2H;0;0
G-0279;1950;M-1950-16;T-72;Switzerland;CHE;P-01810;0;10;0;1H;0;0
G-0280;1950;M-1950-16;T-72;Switzerland;CHE;P-09805;0;44;0;1H;0;0
G-0281;1950;M-1950-16;T-44;Mexico;MEX;P-06574;0;89;0;2H;0;0
G-0282;1950;M-1950-17;T-09;Brazil;BRA;P-04188;0;17;0;1H;0;0
G-0283;1950;M-1950-17;T-09;Brazil;BRA;P-04188;0;36;0;1H;0;0
G-0284;1950;M-1950-17;T-09;Brazil;BRA;P-04188;0;52;0;2H;0;0
G-0285;1950;M-1950-17;T-09;Brazil;BRA;P-04188;0;58;0;2H;0;0
G-0286;1950;M-1950-17;T-09;Brazil;BRA;P-02577;0;39;0;1H;0;0
G-0287;1950;M-1950-17;T-09;Brazil;BRA;P-02577;0;88;0;2H;0;0
G-0288;1950;M-1950-17;T-09;Brazil;BRA;P-04673;0;85;0;2H;0;0
G-0289;1950;M-1950-17;T-71;Sweden;SWE;P-06904;0;67;0;2H;0;1
G-0290;1950;M-1950-18;T-80;Uruguay;URY;P-02673;0;29;0;1H;0;0
G-0291;1950;M-1950-18;T-80;Uruguay;URY;P-09349;0;73;0;2H;0;0
G-0292;1950;M-1950-18;T-70;Spain;ESP;P-08187;0;37;0;1H;0;0
G-0293;1950;M-1950-18;T-70;Spain;ESP;P-08187;0;39;0;1H;0;0
G-0294;1950;M-1950-19;T-09;Brazil;BRA;P-04188;0;15;0;1H;0;0
G-0295;1950;M-1950-19;T-09;Brazil;BRA;P-06471;0;21;0;1H;0;0
G-0296;1950;M-1950-19;T-09;Brazil;BRA;P-02577;0;31;0;1H;0;0
G-0297;1950;M-1950-19;T-09;Brazil;BRA;P-02577;0;55;0;2H;0;0
G-0298;1950;M-1950-19;T-09;Brazil;BRA;P-04188;0;57;0;2H;0;0
G-0299;1950;M-1950-19;T-09;Brazil;BRA;P-05390;0;67;0;2H;0;0
G-0300;1950;M-1950-19;T-70;Spain;ESP;P-03617;0;71;0;2H;0;0
G-0301;1950;M-1950-20;T-80;Uruguay;URY;P-02673;0;39;0;1H;0;0
G-0302;1950;M-1950-20;T-80;Uruguay;URY;P-06216;0;77;0;2H;0;0
G-0303;1950;M-1950-20;T-80;Uruguay;URY;P-06216;0;85;0;2H;0;0
G-0304;1950;M-1950-20;T-71;Sweden;SWE;P-09097;0;5;0;1H;0;0
G-0305;1950;M-1950-20;T-71;Sweden;SWE;P-06002;0;40;0;1H;0;0
G-0306;1950;M-1950-21;T-71;Sweden;SWE;P-06002;0;15;0;1H;0;0
G-0307;1950;M-1950-21;T-71;Sweden;SWE;P-05765;0;33;0;1H;0;0
G-0308;1950;M-1950-21;T-71;Sweden;SWE;P-09097;0;80;0;2H;0;0
G-0309;1950;M-1950-21;T-70;Spain;ESP;P-03281;0;82;0;2H;0;0
G-0310;1950;M-1950-22;T-80;Uruguay;URY;P-08519;0;66;0;2H;0;0
G-0311;1950;M-1950-22;T-80;Uruguay;URY;P-02673;0;79;0;2H;0;0
G-0312;1950;M-1950-22;T-09;Brazil;BRA;P-00745;0;47;0;2H;0;0
G-0313;1954;M-1954-01;T-09;Brazil;BRA;P-02090;0;23;0;1H;0;0
G-0314;1954;M-1954-01;T-09;Brazil;BRA;P-09343;0;30;0;1H;0;0
G-0315;1954;M-1954-01;T-09;Brazil;BRA;P-01463;0;34;0;1H;0;0
G-0316;1954;M-1954-01;T-09;Brazil;BRA;P-01463;0;43;0;1H;0;0
G-0317;1954;M-1954-01;T-09;Brazil;BRA;P-09713;0;69;0;2H;0;0
G-0318;1954;M-1954-02;T-83;Yugoslavia;YUG;P-05338;0;15;0;1H;0;0
G-0319;1954;M-1954-03;T-05;Austria;AUT;P-01943;0;33;0;1H;0;0
G-0320;1954;M-1954-04;T-80;Uruguay;URY;P-06216;0;71;0;2H;0;0
G-0321;1954;M-1954-04;T-80;Uruguay;URY;P-08519;0;84;0;2H;0;0
G-0322;1954;M-1954-05;T-72;Switzerland;CHE;P-01567;0;18;0;1H;0;0
G-0323;1954;M-1954-05;T-72;Switzerland;CHE;P-05476;0;78;0;2H;0;0
G-0324;1954;M-1954-05;T-39;Italy;ITA;P-09693;0;44;0;1H;0;0
G-0325;1954;M-1954-06;T-34;Hungary;HUN;P-03793;0;12;0;1H;0;0
G-0326;1954;M-1954-06;T-34;Hungary;HUN;P-03793;0;89;0;2H;0;0
G-0327;1954;M-1954-06;T-34;Hungary;HUN;P-04992;0;18;0;1H;0;0
G-0328;1954;M-1954-06;T-34;Hungary;HUN;P-07498;0;24;0;1H;0;0
G-0329;1954;M-1954-06;T-34;Hungary;HUN;P-07498;0;36;0;1H;0;0
G-0330;1954;M-1954-06;T-34;Hungary;HUN;P-07498;0;50;0;2H;0;0
G-0331;1954;M-1954-06;T-34;Hungary;HUN;P-00157;0;59;0;2H;0;0
G-0332;1954;M-1954-06;T-34;Hungary;HUN;P-05477;0;75;0;2H;0;0
G-0333;1954;M-1954-06;T-34;Hungary;HUN;P-05477;0;83;0;2H;0;0
G-0334;1954;M-1954-07;T-82;West Germany;DEU;P-09457;0;14;0;1H;0;0
G-0335;1954;M-1954-07;T-82;West Germany;DEU;P-02472;0;52;0;2H;0;0
G-0336;1954;M-1954-07;T-82;West Germany;DEU;P-00546;0;60;0;2H;0;0
G-0337;1954;M-1954-07;T-82;West Germany;DEU;P-01070;0;84;0;2H;0;0
G-0338;1954;M-1954-07;T-76;Turkey;TUR;P-00803;0;2;0;1H;0;0
G-0339;1954;M-1954-08;T-27;England;ENG;P-08640;0;26;0;1H;0;0
G-0340;1954;M-1954-08;T-27;England;ENG;P-08640;0;63;0;2H;0;0
G-0341;1954;M-1954-08;T-27;England;ENG;P-05298;0;36;0;1H;0;0
G-0342;1954;M-1954-08;T-27;England;ENG;P-05298;0;91;0;ET, 1H;0;0
G-0343;1954;M-1954-08;T-06;Belgium;BEL;P-08269;0;5;0;1H;0;0
G-0344;1954;M-1954-08;T-06;Belgium;BEL;P-08269;0;71;0;2H;0;0
G-0345;1954;M-1954-08;T-06;Belgium;BEL;P-00146;0;67;0;2H;0;0
G-0346;1954;M-1954-08;T-06;Belgium;BEL;P-06077;0;94;0;ET, 1H;1;0
G-0347;1954;M-1954-09;T-80;Uruguay;URY;P-02079;0;17;0;1H;0;0
G-0348;1954;M-1954-09;T-80;Uruguay;URY;P-02079;0;47;0;2H;0;0
G-0349;1954;M-1954-09;T-80;Uruguay;URY;P-02079;0;57;0;2H;0;0
G-0350;1954;M-1954-09;T-80;Uruguay;URY;P-06216;0;30;0;1H;0;0
G-0351;1954;M-1954-09;T-80;Uruguay;URY;P-06216;0;83;0;2H;0;0
G-0352;1954;M-1954-09;T-80;Uruguay;URY;P-06675;0;54;0;2H;0;0
G-0353;1954;M-1954-09;T-80;Uruguay;URY;P-06675;0;85;0;2H;0;0
G-0354;1954;M-1954-10;T-09;Brazil;BRA;P-09343;0;69;0;2H;0;0
G-0355;1954;M-1954-10;T-83;Yugoslavia;YUG;P-02177;0;48;0;2H;0;0
G-0356;1954;M-1954-11;T-05;Austria;AUT;P-04091;0;3;0;1H;0;0
G-0357;1954;M-1954-11;T-05;Austria;AUT;P-04091;0;65;0;2H;0;0
G-0358;1954;M-1954-11;T-05;Austria;AUT;P-01943;0;4;0;1H;0;0
G-0359;1954;M-1954-11;T-05;Austria;AUT;P-01943;0;21;0;1H;0;0
G-0360;1954;M-1954-11;T-05;Austria;AUT;P-01943;0;24;0;1H;0;0
G-0361;1954;M-1954-12;T-28;France;FRA;P-08257;0;19;0;1H;0;0
G-0362;1954;M-1954-12;T-28;France;FRA;P-07100;0;88;0;2H;0;1
G-0363;1954;M-1954-12;T-44;Mexico;MEX;P-08285;0;54;0;2H;0;0
G-0364;1954;M-1954-12;T-44;Mexico;MEX;P-04833;0;85;0;2H;0;0
G-0365;1954;M-1954-12;T-28;France;FRA;P-05812;0;46;0;2H;1;0
G-0366;1954;M-1954-13;T-34;Hungary;HUN;P-07498;0;3;0;1H;0;0
G-0367;1954;M-1954-13;T-34;Hungary;HUN;P-07498;0;21;0;1H;0;0
G-0368;1954;M-1954-13;T-34;Hungary;HUN;P-07498;0;69;0;2H;0;0
G-0369;1954;M-1954-13;T-34;Hungary;HUN;P-07498;0;78;0;2H;0;0
G-0370;1954;M-1954-13;T-34;Hungary;HUN;P-03793;0;17;0;1H;0;0
G-0371;1954;M-1954-13;T-34;Hungary;HUN;P-09699;0;52;0;2H;0;0
G-0372;1954;M-1954-13;T-34;Hungary;HUN;P-09699;0;54;0;2H;0;0
G-0373;1954;M-1954-13;T-34;Hungary;HUN;P-07881;0;75;0;2H;0;0
G-0374;1954;M-1954-13;T-82;West Germany;DEU;P-01092;0;25;0;1H;0;0
G-0375;1954;M-1954-13;T-82;West Germany;DEU;P-08148;0;77;0;2H;0;0
G-0376;1954;M-1954-13;T-82;West Germany;DEU;P-02291;0;84;0;2H;0;0
G-0377;1954;M-1954-14;T-76;Turkey;TUR;P-00803;0;10;0;1H;0;0
G-0378;1954;M-1954-14;T-76;Turkey;TUR;P-00803;0;30;0;1H;0;0
G-0379;1954;M-1954-14;T-76;Turkey;TUR;P-07363;0;24;0;1H;0;0
G-0380;1954;M-1954-14;T-76;Turkey;TUR;P-03219;0;37;0;1H;0;0
G-0381;1954;M-1954-14;T-76;Turkey;TUR;P-03219;0;64;0;2H;0;0
G-0382;1954;M-1954-14;T-76;Turkey;TUR;P-03219;0;70;0;2H;0;0
G-0383;1954;M-1954-14;T-76;Turkey;TUR;P-09778;0;76;0;2H;0;0
G-0384;1954;M-1954-15;T-39;Italy;ITA;P-04878;0;41;0;1H;0;1
G-0385;1954;M-1954-15;T-39;Italy;ITA;P-05857;0;48;0;2H;0;0
G-0386;1954;M-1954-15;T-39;Italy;ITA;P-09426;0;58;0;2H;0;0
G-0387;1954;M-1954-15;T-39;Italy;ITA;P-08131;0;78;0;2H;0;0
G-0388;1954;M-1954-15;T-06;Belgium;BEL;P-08269;0;81;0;2H;0;0
G-0389;1954;M-1954-16;T-27;England;ENG;P-09687;0;43;0;1H;0;0
G-0390;1954;M-1954-16;T-27;England;ENG;P-01966;0;69;0;2H;0;0
G-0391;1954;M-1954-17;T-82;West Germany;DEU;P-00546;0;7;0;1H;0;0
G-0392;1954;M-1954-17;T-82;West Germany;DEU;P-09457;0;12;0;1H;0;0
G-0393;1954;M-1954-17;T-82;West Germany;DEU;P-09457;0;79;0;2H;0;0
G-0394;1954;M-1954-17;T-82;West Germany;DEU;P-01070;0;30;0;1H;0;0
G-0395;1954;M-1954-17;T-82;West Germany;DEU;P-01070;0;60;0;2H;0;0
G-0396;1954;M-1954-17;T-82;West Germany;DEU;P-01070;0;77;0;2H;0;0
G-0397;1954;M-1954-17;T-82;West Germany;DEU;P-05420;0;62;0;2H;0;0
G-0398;1954;M-1954-17;T-76;Turkey;TUR;P-01846;0;21;0;1H;0;0
G-0399;1954;M-1954-17;T-76;Turkey;TUR;P-07363;0;82;0;2H;0;0
G-0400;1954;M-1954-18;T-72;Switzerland;CHE;P-05476;0;14;0;1H;0;0
G-0401;1954;M-1954-18;T-72;Switzerland;CHE;P-05476;0;85;0;2H;0;0
G-0402;1954;M-1954-18;T-72;Switzerland;CHE;P-01567;0;48;0;2H;0;0
G-0403;1954;M-1954-18;T-72;Switzerland;CHE;P-08600;0;90;0;2H;0;0
G-0404;1954;M-1954-18;T-39;Italy;ITA;P-08515;0;67;0;2H;0;0
G-0405;1954;M-1954-19;T-05;Austria;AUT;P-04633;0;25;0;1H;0;0
G-0406;1954;M-1954-19;T-05;Austria;AUT;P-04633;0;27;0;1H;0;0
G-0407;1954;M-1954-19;T-05;Austria;AUT;P-04633;0;53;0;2H;0;0
G-0408;1954;M-1954-19;T-05;Austria;AUT;P-01034;0;26;0;1H;0;0
G-0409;1954;M-1954-19;T-05;Austria;AUT;P-01034;0;34;0;1H;0;0
G-0410;1954;M-1954-19;T-05;Austria;AUT;P-00335;0;32;0;1H;0;0
G-0411;1954;M-1954-19;T-05;Austria;AUT;P-01943;0;76;0;2H;0;0
G-0412;1954;M-1954-19;T-72;Switzerland;CHE;P-01567;0;16;0;1H;0;0
G-0413;1954;M-1954-19;T-72;Switzerland;CHE;P-01567;0;39;0;1H;0;0
G-0414;1954;M-1954-19;T-72;Switzerland;CHE;P-05476;0;17;0;1H;0;0
G-0415;1954;M-1954-19;T-72;Switzerland;CHE;P-05476;0;19;0;1H;0;0
G-0416;1954;M-1954-19;T-72;Switzerland;CHE;P-05476;0;60;0;2H;0;0
G-0417;1954;M-1954-20;T-80;Uruguay;URY;P-02079;0;5;0;1H;0;0
G-0418;1954;M-1954-20;T-80;Uruguay;URY;P-09349;0;39;0;1H;0;0
G-0419;1954;M-1954-20;T-80;Uruguay;URY;P-08519;0;46;0;2H;0;0
G-0420;1954;M-1954-20;T-80;Uruguay;URY;P-01170;0;78;0;2H;0;0
G-0421;1954;M-1954-20;T-27;England;ENG;P-05298;0;16;0;1H;0;0
G-0422;1954;M-1954-20;T-27;England;ENG;P-03077;0;67;0;2H;0;0
G-0423;1954;M-1954-21;T-34;Hungary;HUN;P-09699;0;4;0;1H;0;0
G-0424;1954;M-1954-21;T-34;Hungary;HUN;P-07498;0;7;0;1H;0;0
G-0425;1954;M-1954-21;T-34;Hungary;HUN;P-07498;0;88;0;2H;0;0
G-0426;1954;M-1954-21;T-34;Hungary;HUN;P-04992;0;60;0;2H;0;1
G-0427;1954;M-1954-21;T-09;Brazil;BRA;P-08651;0;18;0;1H;0;1
G-0428;1954;M-1954-21;T-09;Brazil;BRA;P-09713;0;65;0;2H;0;0
G-0429;1954;M-1954-22;T-82;West Germany;DEU;P-08148;0;85;0;2H;0;0
G-0430;1954;M-1954-22;T-82;West Germany;DEU;P-06792;0;9;0;1H;1;0
G-0431;1954;M-1954-23;T-34;Hungary;HUN;P-00157;0;13;0;1H;0;0
G-0432;1954;M-1954-23;T-34;Hungary;HUN;P-09699;0;46;0;2H;0;0
G-0433;1954;M-1954-23;T-34;Hungary;HUN;P-07498;0;111;0;ET, 2H;0;0
G-0434;1954;M-1954-23;T-34;Hungary;HUN;P-07498;0;116;0;ET, 2H;0;0
G-0435;1954;M-1954-23;T-80;Uruguay;URY;P-07520;0;75;0;2H;0;0
G-0436;1954;M-1954-23;T-80;Uruguay;URY;P-07520;0;86;0;2H;0;0
G-0437;1954;M-1954-24;T-82;West Germany;DEU;P-09457;0;31;0;1H;0;0
G-0438;1954;M-1954-24;T-82;West Germany;DEU;P-01070;0;47;0;2H;0;0
G-0439;1954;M-1954-24;T-82;West Germany;DEU;P-05420;0;54;0;2H;0;1
G-0440;1954;M-1954-24;T-82;West Germany;DEU;P-05420;0;64;0;2H;0;1
G-0441;1954;M-1954-24;T-82;West Germany;DEU;P-00546;0;61;0;2H;0;0
G-0442;1954;M-1954-24;T-82;West Germany;DEU;P-00546;0;89;0;2H;0;0
G-0443;1954;M-1954-24;T-05;Austria;AUT;P-01943;0;51;0;2H;0;0
G-0444;1954;M-1954-25;T-05;Austria;AUT;P-04091;0;16;0;1H;0;1
G-0445;1954;M-1954-25;T-05;Austria;AUT;P-00335;0;89;0;2H;0;0
G-0446;1954;M-1954-25;T-80;Uruguay;URY;P-07520;0;22;0;1H;0;0
G-0447;1954;M-1954-25;T-05;Austria;AUT;P-03966;0;59;0;2H;1;0
G-0448;1954;M-1954-26;T-82;West Germany;DEU;P-01070;0;10;0;1H;0;0
G-0449;1954;M-1954-26;T-82;West Germany;DEU;P-08148;0;18;0;1H;0;0
G-0450;1954;M-1954-26;T-82;West Germany;DEU;P-08148;0;84;0;2H;0;0
G-0451;1954;M-1954-26;T-34;Hungary;HUN;P-03793;0;6;0;1H;0;0
G-0452;1954;M-1954-26;T-34;Hungary;HUN;P-00157;0;8;0;1H;0;0
G-0453;1958;M-1958-01;T-71;Sweden;SWE;P-06078;0;17;0;1H;0;0
G-0454;1958;M-1958-01;T-71;Sweden;SWE;P-06078;0;64;0;2H;0;0
G-0455;1958;M-1958-01;T-71;Sweden;SWE;P-04687;0;57;0;2H;0;1
G-0456;1958;M-1958-02;T-03;Argentina;ARG;P-00334;0;3;0;1H;0;0
G-0457;1958;M-1958-02;T-82;West Germany;DEU;P-08148;0;32;0;1H;0;0
G-0458;1958;M-1958-02;T-82;West Germany;DEU;P-08148;0;79;0;2H;0;0
G-0459;1958;M-1958-02;T-82;West Germany;DEU;P-04896;0;42;0;1H;0;0
G-0460;1958;M-1958-03;T-50;Northern Ireland;NIR;P-03481;0;21;0;1H;0;0
G-0461;1958;M-1958-04;T-28;France;FRA;P-00643;0;24;0;1H;0;0
G-0462;1958;M-1958-04;T-28;France;FRA;P-00643;0;30;0;1H;0;0
G-0463;1958;M-1958-04;T-28;France;FRA;P-00643;0;67;0;2H;0;0
G-0464;1958;M-1958-04;T-28;France;FRA;P-09663;0;52;0;2H;0;0
G-0465;1958;M-1958-04;T-28;France;FRA;P-01776;0;61;0;2H;0;0
G-0466;1958;M-1958-04;T-28;France;FRA;P-07100;0;70;0;2H;0;0
G-0467;1958;M-1958-04;T-28;France;FRA;P-08257;0;83;0;2H;0;0
G-0468;1958;M-1958-04;T-53;Paraguay;PRY;P-07891;0;20;0;1H;0;0
G-0469;1958;M-1958-04;T-53;Paraguay;PRY;P-07891;0;44;0;1H;0;1
G-0470;1958;M-1958-04;T-53;Paraguay;PRY;P-00859;0;50;0;2H;0;0
G-0471;1958;M-1958-05;T-83;Yugoslavia;YUG;P-00722;0;6;0;1H;0;0
G-0472;1958;M-1958-05;T-61;Scotland;SCO;P-07617;0;49;0;2H;0;0
G-0473;1958;M-1958-06;T-34;Hungary;HUN;P-00610;0;5;0;1H;0;0
G-0474;1958;M-1958-06;T-81;Wales;WAL;P-04850;0;27;0;1H;0;0
G-0475;1958;M-1958-07;T-09;Brazil;BRA;P-04236;0;37;0;1H;0;0
G-0476;1958;M-1958-07;T-09;Brazil;BRA;P-04236;0;85;0;2H;0;0
G-0477;1958;M-1958-07;T-09;Brazil;BRA;P-04894;0;50;0;2H;0;0
G-0478;1958;M-1958-08;T-69;Soviet Union;SUN;P-06130;0;13;0;1H;0;0
G-0479;1958;M-1958-08;T-69;Soviet Union;SUN;P-06857;0;56;0;2H;0;0
G-0480;1958;M-1958-08;T-27;England;ENG;P-07851;0;66;0;2H;0;0
G-0481;1958;M-1958-08;T-27;England;ENG;P-03077;0;85;0;2H;0;1
G-0482;1958;M-1958-09;T-03;Argentina;ARG;P-00334;0;37;0;1H;0;1
G-0483;1958;M-1958-09;T-03;Argentina;ARG;P-04327;0;56;0;2H;0;0
G-0484;1958;M-1958-09;T-03;Argentina;ARG;P-02403;0;60;0;2H;0;0
G-0485;1958;M-1958-09;T-50;Northern Ireland;NIR;P-09662;0;4;0;1H;0;0
G-0486;1958;M-1958-10;T-82;West Germany;DEU;P-09457;0;60;0;2H;0;0
G-0487;1958;M-1958-10;T-82;West Germany;DEU;P-08148;0;71;0;2H;0;0
G-0488;1958;M-1958-10;T-20;Czechoslovakia;CSK;P-03577;0;24;0;1H;0;1
G-0489;1958;M-1958-10;T-20;Czechoslovakia;CSK;P-00033;0;42;0;1H;0;0
G-0490;1958;M-1958-11;T-53;Paraguay;PRY;P-09997;0;4;0;1H;0;0
G-0491;1958;M-1958-11;T-53;Paraguay;PRY;P-08154;0;45;0;1H;0;0
G-0492;1958;M-1958-11;T-53;Paraguay;PRY;P-08476;0;73;0;2H;0;0
G-0493;1958;M-1958-11;T-61;Scotland;SCO;P-06392;0;24;0;1H;0;0
G-0494;1958;M-1958-11;T-61;Scotland;SCO;P-09698;0;74;0;2H;0;0
G-0495;1958;M-1958-12;T-83;Yugoslavia;YUG;P-00722;0;16;0;1H;0;0
G-0496;1958;M-1958-12;T-83;Yugoslavia;YUG;P-00923;0;63;0;2H;0;0
G-0497;1958;M-1958-12;T-83;Yugoslavia;YUG;P-00923;0;88;0;2H;0;0
G-0498;1958;M-1958-12;T-28;France;FRA;P-00643;0;4;0;1H;0;0
G-0499;1958;M-1958-12;T-28;France;FRA;P-00643;0;85;0;2H;0;0
G-0500;1958;M-1958-13;T-44;Mexico;MEX;P-04263;0;89;0;2H;0;0
G-0501;1958;M-1958-13;T-81;Wales;WAL;P-06738;0;32;0;1H;0;0
G-0502;1958;M-1958-15;T-69;Soviet Union;SUN;P-05753;0;15;0;1H;0;0
G-0503;1958;M-1958-15;T-69;Soviet Union;SUN;P-03508;0;62;0;2H;0;0
G-0504;1958;M-1958-16;T-71;Sweden;SWE;P-06276;0;34;0;1H;0;0
G-0505;1958;M-1958-16;T-71;Sweden;SWE;P-06276;0;55;0;2H;0;0
G-0506;1958;M-1958-16;T-34;Hungary;HUN;P-03393;0;77;0;2H;0;0
G-0507;1958;M-1958-18;T-20;Czechoslovakia;CSK;P-03577;0;8;0;1H;0;0
G-0508;1958;M-1958-18;T-20;Czechoslovakia;CSK;P-00033;0;17;0;1H;0;0
G-0509;1958;M-1958-18;T-20;Czechoslovakia;CSK;P-00033;0;40;0;1H;0;0
G-0510;1958;M-1958-18;T-20;Czechoslovakia;CSK;P-00884;0;69;0;2H;0;0
G-0511;1958;M-1958-18;T-20;Czechoslovakia;CSK;P-05314;0;82;0;2H;0;0
G-0512;1958;M-1958-18;T-20;Czechoslovakia;CSK;P-05314;0;89;0;2H;0;0
G-0513;1958;M-1958-18;T-03;Argentina;ARG;P-00334;0;65;0;2H;0;1
G-0514;1958;M-1958-19;T-82;West Germany;DEU;P-08148;0;20;0;1H;0;0
G-0515;1958;M-1958-19;T-82;West Germany;DEU;P-04896;0;78;0;2H;0;0
G-0516;1958;M-1958-19;T-50;Northern Ireland;NIR;P-09662;0;18;0;1H;0;0
G-0517;1958;M-1958-19;T-50;Northern Ireland;NIR;P-09662;0;60;0;2H;0;0
G-0518;1958;M-1958-20;T-28;France;FRA;P-07100;0;22;0;1H;0;0
G-0519;1958;M-1958-20;T-28;France;FRA;P-00643;0;44;0;1H;0;0
G-0520;1958;M-1958-20;T-61;Scotland;SCO;P-03076;0;58;0;2H;0;0
G-0521;1958;M-1958-21;T-53;Paraguay;PRY;P-08476;0;20;0;1H;0;0
G-0522;1958;M-1958-21;T-53;Paraguay;PRY;P-09997;0;52;0;2H;0;0
G-0523;1958;M-1958-21;T-53;Paraguay;PRY;P-00859;0;80;0;2H;0;0
G-0524;1958;M-1958-21;T-83;Yugoslavia;YUG;P-00185;0;18;0;1H;0;0
G-0525;1958;M-1958-21;T-83;Yugoslavia;YUG;P-00923;0;21;0;1H;0;0
G-0526;1958;M-1958-21;T-83;Yugoslavia;YUG;P-00476;0;73;0;2H;0;0
G-0527;1958;M-1958-22;T-34;Hungary;HUN;P-03393;0;19;0;1H;0;0
G-0528;1958;M-1958-22;T-34;Hungary;HUN;P-03393;0;46;0;2H;0;0
G-0529;1958;M-1958-22;T-34;Hungary;HUN;P-05727;0;54;0;2H;0;0
G-0530;1958;M-1958-22;T-34;Hungary;HUN;P-06412;0;69;0;2H;0;0
G-0531;1958;M-1958-23;T-09;Brazil;BRA;P-01219;0;3;0;1H;0;0
G-0532;1958;M-1958-23;T-09;Brazil;BRA;P-01219;0;77;0;2H;0;0
G-0533;1958;M-1958-24;T-27;England;ENG;P-06181;0;56;0;2H;0;0
G-0534;1958;M-1958-24;T-27;England;ENG;P-07851;0;74;0;2H;0;0
G-0535;1958;M-1958-24;T-05;Austria;AUT;P-04528;0;15;0;1H;0;0
G-0536;1958;M-1958-24;T-05;Austria;AUT;P-01034;0;71;0;2H;0;0
G-0537;1958;M-1958-25;T-50;Northern Ireland;NIR;P-09662;0;44;0;1H;0;0
G-0538;1958;M-1958-25;T-50;Northern Ireland;NIR;P-09662;0;97;0;ET, 1H;0;0
G-0539;1958;M-1958-25;T-20;Czechoslovakia;CSK;P-00033;0;18;0;1H;0;0
G-0540;1958;M-1958-26;T-81;Wales;WAL;P-06738;0;55;0;2H;0;0
G-0541;1958;M-1958-26;T-81;Wales;WAL;P-07511;0;76;0;2H;0;0
G-0542;1958;M-1958-26;T-34;Hungary;HUN;P-03393;0;33;0;1H;0;0
G-0543;1958;M-1958-27;T-69;Soviet Union;SUN;P-05753;0;69;0;2H;0;0
G-0544;1958;M-1958-28;T-09;Brazil;BRA;P-03795;0;66;0;2H;0;0
G-0545;1958;M-1958-29;T-28;France;FRA;P-01776;0;44;0;1H;0;0
G-0546;1958;M-1958-29;T-28;France;FRA;P-00643;0;55;0;2H;0;0
G-0547;1958;M-1958-29;T-28;France;FRA;P-00643;0;63;0;2H;0;0
G-0548;1958;M-1958-29;T-28;France;FRA;P-09663;0;68;0;2H;0;0
G-0549;1958;M-1958-30;T-71;Sweden;SWE;P-06276;0;49;0;2H;0;0
G-0550;1958;M-1958-30;T-71;Sweden;SWE;P-06078;0;88;0;2H;0;0
G-0551;1958;M-1958-31;T-82;West Germany;DEU;P-08148;0;12;0;1H;0;0
G-0552;1958;M-1958-32;T-09;Brazil;BRA;P-01219;0;2;0;1H;0;0
G-0553;1958;M-1958-32;T-09;Brazil;BRA;P-09343;0;39;0;1H;0;0
G-0554;1958;M-1958-32;T-09;Brazil;BRA;P-03795;0;52;0;2H;0;0
G-0555;1958;M-1958-32;T-09;Brazil;BRA;P-03795;0;64;0;2H;0;0
G-0556;1958;M-1958-32;T-09;Brazil;BRA;P-03795;0;75;0;2H;0;0
G-0557;1958;M-1958-32;T-28;France;FRA;P-00643;0;9;0;1H;0;0
G-0558;1958;M-1958-32;T-28;France;FRA;P-09663;0;83;0;2H;0;0
G-0559;1958;M-1958-33;T-71;Sweden;SWE;P-03611;0;32;0;1H;0;0
G-0560;1958;M-1958-33;T-71;Sweden;SWE;P-01255;0;81;0;2H;0;0
G-0561;1958;M-1958-33;T-71;Sweden;SWE;P-06276;0;88;0;2H;0;0
G-0562;1958;M-1958-33;T-82;West Germany;DEU;P-09457;0;24;0;1H;0;0
G-0563;1958;M-1958-34;T-28;France;FRA;P-00643;0;16;0;1H;0;0
G-0564;1958;M-1958-34;T-28;France;FRA;P-00643;0;36;0;1H;0;0
G-0565;1958;M-1958-34;T-28;France;FRA;P-00643;0;78;0;2H;0;0
G-0566;1958;M-1958-34;T-28;France;FRA;P-00643;0;89;0;2H;0;0
G-0567;1958;M-1958-34;T-28;France;FRA;P-07100;0;27;0;1H;0;1
G-0568;1958;M-1958-34;T-28;France;FRA;P-00529;0;50;0;2H;0;0
G-0569;1958;M-1958-34;T-82;West Germany;DEU;P-08089;0;18;0;1H;0;0
G-0570;1958;M-1958-34;T-82;West Germany;DEU;P-08148;0;52;0;2H;0;0
G-0571;1958;M-1958-34;T-82;West Germany;DEU;P-09457;0;84;0;2H;0;0
G-0572;1958;M-1958-35;T-09;Brazil;BRA;P-01219;0;9;0;1H;0;0
G-0573;1958;M-1958-35;T-09;Brazil;BRA;P-01219;0;32;0;1H;0;0
G-0574;1958;M-1958-35;T-09;Brazil;BRA;P-03795;0;55;0;2H;0;0
G-0575;1958;M-1958-35;T-09;Brazil;BRA;P-03795;0;90;0;2H;0;0
G-0576;1958;M-1958-35;T-09;Brazil;BRA;P-07205;0;68;0;2H;0;0
G-0577;1958;M-1958-35;T-71;Sweden;SWE;P-04687;0;4;0;1H;0;0
G-0578;1958;M-1958-35;T-71;Sweden;SWE;P-06078;0;80;0;2H;0;0
G-0579;1962;M-1962-01;T-80;Uruguay;URY;P-05958;0;56;0;2H;0;0
G-0580;1962;M-1962-01;T-80;Uruguay;URY;P-07640;0;75;0;2H;0;0
G-0581;1962;M-1962-01;T-15;Colombia;COL;P-04171;0;19;0;1H;0;1
G-0582;1962;M-1962-02;T-13;Chile;CHL;P-06737;0;44;0;1H;0;0
G-0583;1962;M-1962-02;T-13;Chile;CHL;P-06737;0;55;0;2H;0;0
G-0584;1962;M-1962-02;T-13;Chile;CHL;P-05167;0;51;0;2H;0;0
G-0585;1962;M-1962-02;T-72;Switzerland;CHE;P-03394;0;6;0;1H;0;0
G-0586;1962;M-1962-03;T-09;Brazil;BRA;P-07205;0;56;0;2H;0;0
G-0587;1962;M-1962-03;T-09;Brazil;BRA;P-03795;0;73;0;2H;0;0
G-0588;1962;M-1962-04;T-03;Argentina;ARG;P-01171;0;4;0;1H;0;0
G-0589;1962;M-1962-05;T-69;Soviet Union;SUN;P-03508;0;51;0;2H;0;0
G-0590;1962;M-1962-05;T-69;Soviet Union;SUN;P-07969;0;83;0;2H;0;0
G-0591;1962;M-1962-07;T-20;Czechoslovakia;CSK;P-09744;0;80;0;2H;0;0
G-0592;1962;M-1962-08;T-34;Hungary;HUN;P-03393;0;17;0;1H;0;0
G-0593;1962;M-1962-08;T-34;Hungary;HUN;P-05509;0;71;0;2H;0;0
G-0594;1962;M-1962-08;T-27;England;ENG;P-07658;0;60;0;2H;0;1
G-0595;1962;M-1962-09;T-83;Yugoslavia;YUG;P-02360;0;25;0;1H;0;1
G-0596;1962;M-1962-09;T-83;Yugoslavia;YUG;P-01407;0;29;0;1H;0;0
G-0597;1962;M-1962-09;T-83;Yugoslavia;YUG;P-00009;0;49;0;2H;0;0
G-0598;1962;M-1962-09;T-80;Uruguay;URY;P-09550;0;19;0;1H;0;0
G-0599;1962;M-1962-10;T-13;Chile;CHL;P-05167;0;73;0;2H;0;0
G-0600;1962;M-1962-10;T-13;Chile;CHL;P-02219;0;87;0;2H;0;0
G-0601;1962;M-1962-12;T-27;England;ENG;P-07658;0;17;0;1H;0;1
G-0602;1962;M-1962-12;T-27;England;ENG;P-00227;0;42;0;1H;0;0
G-0603;1962;M-1962-12;T-27;England;ENG;P-00423;0;67;0;2H;0;0
G-0604;1962;M-1962-12;T-03;Argentina;ARG;P-02950;0;81;0;2H;0;0
G-0605;1962;M-1962-13;T-69;Soviet Union;SUN;P-03508;0;8;0;1H;0;0
G-0606;1962;M-1962-13;T-69;Soviet Union;SUN;P-03508;0;11;0;1H;0;0
G-0607;1962;M-1962-13;T-69;Soviet Union;SUN;P-04699;0;10;0;1H;0;0
G-0608;1962;M-1962-13;T-69;Soviet Union;SUN;P-07969;0;56;0;2H;0;0
G-0609;1962;M-1962-13;T-15;Colombia;COL;P-03927;0;21;0;1H;0;0
G-0610;1962;M-1962-13;T-15;Colombia;COL;P-09847;0;68;0;2H;0;0
G-0611;1962;M-1962-13;T-15;Colombia;COL;P-05353;0;72;0;2H;0;0
G-0612;1962;M-1962-13;T-15;Colombia;COL;P-01551;0;86;0;2H;0;0
G-0613;1962;M-1962-14;T-82;West Germany;DEU;P-00943;0;45;0;1H;0;0
G-0614;1962;M-1962-14;T-82;West Germany;DEU;P-04896;0;59;0;2H;0;0
G-0615;1962;M-1962-14;T-72;Switzerland;CHE;P-06714;0;73;0;2H;0;0
G-0616;1962;M-1962-15;T-70;Spain;ESP;P-09918;0;90;0;2H;0;0
G-0617;1962;M-1962-16;T-34;Hungary;HUN;P-05509;0;1;0;1H;0;0
G-0618;1962;M-1962-16;T-34;Hungary;HUN;P-05509;0;6;0;1H;0;0
G-0619;1962;M-1962-16;T-34;Hungary;HUN;P-05509;0;53;0;2H;0;0
G-0620;1962;M-1962-16;T-34;Hungary;HUN;P-03393;0;8;0;1H;0;0
G-0621;1962;M-1962-16;T-34;Hungary;HUN;P-03393;0;70;0;2H;0;0
G-0622;1962;M-1962-16;T-34;Hungary;HUN;P-02463;0;12;0;1H;0;0
G-0623;1962;M-1962-16;T-10;Bulgaria;BGR;P-06585;0;64;0;2H;0;0
G-0624;1962;M-1962-17;T-69;Soviet Union;SUN;P-06427;0;38;0;1H;0;0
G-0625;1962;M-1962-17;T-69;Soviet Union;SUN;P-03508;0;89;0;2H;0;0
G-0626;1962;M-1962-17;T-80;Uruguay;URY;P-07640;0;54;0;2H;0;0
G-0627;1962;M-1962-18;T-82;West Germany;DEU;P-08942;0;21;0;1H;0;1
G-0628;1962;M-1962-18;T-82;West Germany;DEU;P-04896;0;82;0;2H;0;0
G-0629;1962;M-1962-19;T-09;Brazil;BRA;P-09951;0;72;0;2H;0;0
G-0630;1962;M-1962-19;T-09;Brazil;BRA;P-09951;0;86;0;2H;0;0
G-0631;1962;M-1962-19;T-70;Spain;ESP;P-06220;0;35;0;1H;0;0
G-0632;1962;M-1962-21;T-83;Yugoslavia;YUG;P-01407;0;20;0;1H;0;0
G-0633;1962;M-1962-21;T-83;Yugoslavia;YUG;P-01407;0;61;0;2H;0;0
G-0634;1962;M-1962-21;T-83;Yugoslavia;YUG;P-00009;0;25;0;1H;0;0
G-0635;1962;M-1962-21;T-83;Yugoslavia;YUG;P-00009;0;87;0;2H;0;0
G-0636;1962;M-1962-21;T-83;Yugoslavia;YUG;P-05325;0;82;0;2H;0;0
G-0637;1962;M-1962-22;T-39;Italy;ITA;P-08455;0;2;0;1H;0;0
G-0638;1962;M-1962-22;T-39;Italy;ITA;P-08245;0;65;0;2H;0;0
G-0639;1962;M-1962-22;T-39;Italy;ITA;P-08245;0;67;0;2H;0;0
G-0640;1962;M-1962-23;T-44;Mexico;MEX;P-02774;0;12;0;1H;0;0
G-0641;1962;M-1962-23;T-44;Mexico;MEX;P-08837;0;29;0;1H;0;0
G-0642;1962;M-1962-23;T-44;Mexico;MEX;P-07709;0;90;0;2H;0;1
G-0643;1962;M-1962-23;T-20;Czechoslovakia;CSK;P-04294;0;1;0;1H;0;0
G-0644;1962;M-1962-25;T-09;Brazil;BRA;P-04025;0;31;0;1H;0;0
G-0645;1962;M-1962-25;T-09;Brazil;BRA;P-04025;0;59;0;2H;0;0
G-0646;1962;M-1962-25;T-09;Brazil;BRA;P-01219;0;53;0;2H;0;0
G-0647;1962;M-1962-25;T-27;England;ENG;P-00121;0;38;0;1H;0;0
G-0648;1962;M-1962-26;T-13;Chile;CHL;P-06737;0;11;0;1H;0;0
G-0649;1962;M-1962-26;T-13;Chile;CHL;P-06161;0;29;0;1H;0;0
G-0650;1962;M-1962-26;T-69;Soviet Union;SUN;P-04699;0;26;0;1H;0;0
G-0651;1962;M-1962-27;T-20;Czechoslovakia;CSK;P-05183;0;13;0;1H;0;0
G-0652;1962;M-1962-28;T-83;Yugoslavia;YUG;P-06222;0;85;0;2H;0;0
G-0653;1962;M-1962-29;T-09;Brazil;BRA;P-04025;0;9;0;1H;0;0
G-0654;1962;M-1962-29;T-09;Brazil;BRA;P-04025;0;32;0;1H;0;0
G-0655;1962;M-1962-29;T-09;Brazil;BRA;P-01219;0;47;0;2H;0;0
G-0656;1962;M-1962-29;T-09;Brazil;BRA;P-01219;0;78;0;2H;0;0
G-0657;1962;M-1962-29;T-13;Chile;CHL;P-02219;0;42;0;1H;0;0
G-0658;1962;M-1962-29;T-13;Chile;CHL;P-06737;0;61;0;2H;0;1
G-0659;1962;M-1962-30;T-20;Czechoslovakia;CSK;P-00239;0;48;0;2H;0;0
G-0660;1962;M-1962-30;T-20;Czechoslovakia;CSK;P-05183;0;80;0;2H;0;0
G-0661;1962;M-1962-30;T-20;Czechoslovakia;CSK;P-05183;0;84;0;2H;0;1
G-0662;1962;M-1962-30;T-83;Yugoslavia;YUG;P-00009;0;69;0;2H;0;0
G-0663;1962;M-1962-31;T-13;Chile;CHL;P-06161;0;90;0;2H;0;0
G-0664;1962;M-1962-32;T-09;Brazil;BRA;P-09951;0;17;0;1H;0;0
G-0665;1962;M-1962-32;T-09;Brazil;BRA;P-07351;0;69;0;2H;0;0
G-0666;1962;M-1962-32;T-09;Brazil;BRA;P-01219;0;78;0;2H;0;0
G-0667;1962;M-1962-32;T-20;Czechoslovakia;CSK;P-07840;0;15;0;1H;0;0
G-0668;1966;M-1966-02;T-82;West Germany;DEU;P-00407;0;16;0;1H;0;0
G-0669;1966;M-1966-02;T-82;West Germany;DEU;P-08039;0;21;0;1H;0;0
G-0670;1966;M-1966-02;T-82;West Germany;DEU;P-08039;0;77;0;2H;0;1
G-0671;1966;M-1966-02;T-82;West Germany;DEU;P-04356;0;40;0;1H;0;0
G-0672;1966;M-1966-02;T-82;West Germany;DEU;P-04356;0;52;0;2H;0;0
G-0673;1966;M-1966-03;T-09;Brazil;BRA;P-03795;0;15;0;1H;0;0
G-0674;1966;M-1966-03;T-09;Brazil;BRA;P-04025;0;63;0;2H;0;0
G-0675;1966;M-1966-04;T-69;Soviet Union;SUN;P-03807;0;31;0;1H;0;0
G-0676;1966;M-1966-04;T-69;Soviet Union;SUN;P-03807;0;88;0;2H;0;0
G-0677;1966;M-1966-04;T-69;Soviet Union;SUN;P-08234;0;33;0;1H;0;0
G-0678;1966;M-1966-05;T-28;France;FRA;P-06762;0;62;0;2H;0;0
G-0679;1966;M-1966-05;T-44;Mexico;MEX;P-08563;0;48;0;2H;0;0
G-0680;1966;M-1966-06;T-03;Argentina;ARG;P-04225;0;65;0;2H;0;0
G-0681;1966;M-1966-06;T-03;Argentina;ARG;P-04225;0;77;0;2H;0;0
G-0682;1966;M-1966-06;T-70;Spain;ESP;P-03074;0;71;0;2H;0;0
G-0683;1966;M-1966-07;T-56;Portugal;PRT;P-04280;0;2;0;1H;0;0
G-0684;1966;M-1966-07;T-56;Portugal;PRT;P-04280;0;67;0;2H;0;0
G-0685;1966;M-1966-07;T-56;Portugal;PRT;P-06238;0;90;0;2H;0;0
G-0686;1966;M-1966-07;T-34;Hungary;HUN;P-02995;0;60;0;2H;0;0
G-0687;1966;M-1966-08;T-39;Italy;ITA;P-09477;0;8;0;1H;0;0
G-0688;1966;M-1966-08;T-39;Italy;ITA;P-04647;0;88;0;2H;0;0
G-0689;1966;M-1966-09;T-80;Uruguay;URY;P-05145;0;26;0;1H;0;0
G-0690;1966;M-1966-09;T-80;Uruguay;URY;P-08635;0;31;0;1H;0;0
G-0691;1966;M-1966-09;T-28;France;FRA;P-02009;0;15;0;1H;0;1
G-0692;1966;M-1966-10;T-70;Spain;ESP;P-07131;0;57;0;2H;0;0
G-0693;1966;M-1966-10;T-70;Spain;ESP;P-07526;0;75;0;2H;0;0
G-0694;1966;M-1966-10;T-72;Switzerland;CHE;P-07846;0;31;0;1H;0;0
G-0695;1966;M-1966-11;T-34;Hungary;HUN;P-02995;0;2;0;1H;0;0
G-0696;1966;M-1966-11;T-34;Hungary;HUN;P-06508;0;64;0;2H;0;0
G-0697;1966;M-1966-11;T-34;Hungary;HUN;P-01793;0;73;0;2H;0;1
G-0698;1966;M-1966-11;T-09;Brazil;BRA;P-01461;0;14;0;1H;0;0
G-0699;1966;M-1966-12;T-13;Chile;CHL;P-06536;0;26;0;1H;0;1
G-0700;1966;M-1966-12;T-49;North Korea;PRK;P-07378;0;88;0;2H;0;0
G-0701;1966;M-1966-14;T-56;Portugal;PRT;P-01633;0;38;0;1H;0;0
G-0702;1966;M-1966-14;T-56;Portugal;PRT;P-06238;0;81;0;2H;0;0
G-0703;1966;M-1966-14;T-56;Portugal;PRT;P-08517;0;7;0;1H;1;0
G-0704;1966;M-1966-15;T-69;Soviet Union;SUN;P-04699;0;57;0;2H;0;0
G-0705;1966;M-1966-16;T-27;England;ENG;P-00227;0;37;0;1H;0;0
G-0706;1966;M-1966-16;T-27;England;ENG;P-01893;0;75;0;2H;0;0
G-0707;1966;M-1966-18;T-03;Argentina;ARG;P-04225;0;52;0;2H;0;0
G-0708;1966;M-1966-18;T-03;Argentina;ARG;P-08731;0;79;0;2H;0;0
G-0709;1966;M-1966-19;T-56;Portugal;PRT;P-07450;0;15;0;1H;0;0
G-0710;1966;M-1966-19;T-56;Portugal;PRT;P-01633;0;27;0;1H;0;0
G-0711;1966;M-1966-19;T-56;Portugal;PRT;P-01633;0;85;0;2H;0;0
G-0712;1966;M-1966-19;T-09;Brazil;BRA;P-03172;0;73;0;2H;0;0
G-0713;1966;M-1966-20;T-49;North Korea;PRK;P-07496;0;42;0;1H;0;0
G-0714;1966;M-1966-21;T-27;England;ENG;P-01893;0;38;0;1H;0;0
G-0715;1966;M-1966-21;T-27;England;ENG;P-01893;0;75;0;2H;0;0
G-0716;1966;M-1966-22;T-82;West Germany;DEU;P-00058;0;39;0;1H;0;0
G-0717;1966;M-1966-22;T-82;West Germany;DEU;P-04896;0;84;0;2H;0;0
G-0718;1966;M-1966-22;T-70;Spain;ESP;P-08506;0;23;0;1H;0;0
G-0719;1966;M-1966-23;T-34;Hungary;HUN;P-01793;0;45;0;1H;0;0
G-0720;1966;M-1966-23;T-34;Hungary;HUN;P-02995;0;54;0;2H;0;0
G-0721;1966;M-1966-23;T-10;Bulgaria;BGR;P-06361;0;15;0;1H;0;0
G-0722;1966;M-1966-23;T-34;Hungary;HUN;P-08049;0;43;0;1H;1;0
G-0723;1966;M-1966-24;T-69;Soviet Union;SUN;P-06927;0;28;0;1H;0;0
G-0724;1966;M-1966-24;T-69;Soviet Union;SUN;P-06927;0;85;0;2H;0;0
G-0725;1966;M-1966-24;T-13;Chile;CHL;P-06536;0;32;0;1H;0;0
G-0726;1966;M-1966-25;T-27;England;ENG;P-03234;0;78;0;2H;0;0
G-0727;1966;M-1966-26;T-56;Portugal;PRT;P-01633;0;27;0;1H;0;0
G-0728;1966;M-1966-26;T-56;Portugal;PRT;P-01633;0;43;0;1H;0;1
G-0729;1966;M-1966-26;T-56;Portugal;PRT;P-01633;0;56;0;2H;0;0
G-0730;1966;M-1966-26;T-56;Portugal;PRT;P-01633;0;59;0;2H;0;1
G-0731;1966;M-1966-26;T-56;Portugal;PRT;P-04280;0;80;0;2H;0;0
G-0732;1966;M-1966-26;T-49;North Korea;PRK;P-07378;0;1;0;1H;0;0
G-0733;1966;M-1966-26;T-49;North Korea;PRK;P-03904;0;22;0;1H;0;0
G-0734;1966;M-1966-26;T-49;North Korea;PRK;P-07632;0;25;0;1H;0;0
G-0735;1966;M-1966-27;T-69;Soviet Union;SUN;P-04699;0;5;0;1H;0;0
G-0736;1966;M-1966-27;T-69;Soviet Union;SUN;P-06927;0;46;0;2H;0;0
G-0737;1966;M-1966-27;T-34;Hungary;HUN;P-02995;0;57;0;2H;0;0
G-0738;1966;M-1966-28;T-82;West Germany;DEU;P-08039;0;11;0;1H;0;0
G-0739;1966;M-1966-28;T-82;West Germany;DEU;P-08039;0;83;0;2H;0;0
G-0740;1966;M-1966-28;T-82;West Germany;DEU;P-04356;0;70;0;2H;0;0
G-0741;1966;M-1966-28;T-82;West Germany;DEU;P-04896;0;75;0;2H;0;0
G-0742;1966;M-1966-29;T-82;West Germany;DEU;P-08039;0;43;0;1H;0;0
G-0743;1966;M-1966-29;T-82;West Germany;DEU;P-04356;0;67;0;2H;0;0
G-0744;1966;M-1966-29;T-69;Soviet Union;SUN;P-06927;0;88;0;2H;0;0
G-0745;1966;M-1966-30;T-27;England;ENG;P-00227;0;30;0;1H;0;0
G-0746;1966;M-1966-30;T-27;England;ENG;P-00227;0;80;0;2H;0;0
G-0747;1966;M-1966-30;T-56;Portugal;PRT;P-01633;0;82;0;2H;0;1
G-0748;1966;M-1966-31;T-56;Portugal;PRT;P-01633;0;12;0;1H;0;1
G-0749;1966;M-1966-31;T-56;Portugal;PRT;P-06238;0;89;0;2H;0;0
G-0750;1966;M-1966-31;T-69;Soviet Union;SUN;P-03807;0;43;0;1H;0;0
G-0751;1966;M-1966-32;T-27;England;ENG;P-03234;0;18;0;1H;0;0
G-0752;1966;M-1966-32;T-27;England;ENG;P-03234;0;101;0;ET, 1H;0;0
G-0753;1966;M-1966-32;T-27;England;ENG;P-03234;0;120;0;ET, 2H;0;0
G-0754;1966;M-1966-32;T-27;England;ENG;P-01405;0;78;0;2H;0;0
G-0755;1966;M-1966-32;T-82;West Germany;DEU;P-08039;0;12;0;1H;0;0
G-0756;1966;M-1966-32;T-82;West Germany;DEU;P-01433;0;89;0;2H;0;0
G-0757;1970;M-1970-02;T-80;Uruguay;URY;P-06360;10;23;0;1H;0;0
G-0758;1970;M-1970-02;T-80;Uruguay;URY;P-02448;6;50;0;2H;0;0
G-0759;1970;M-1970-03;T-27;England;ENG;P-03234;10;65;0;2H;0;0
G-0760;1970;M-1970-04;T-54;Peru;PER;P-02248;11;50;0;2H;0;0
G-0761;1970;M-1970-04;T-54;Peru;PER;P-08318;4;55;0;2H;0;0
G-0762;1970;M-1970-04;T-54;Peru;PER;P-01348;10;73;0;2H;0;0
G-0763;1970;M-1970-04;T-10;Bulgaria;BGR;P-03135;11;13;0;1H;0;0
G-0764;1970;M-1970-04;T-10;Bulgaria;BGR;P-02078;8;49;0;2H;0;0
G-0765;1970;M-1970-05;T-06;Belgium;BEL;P-02611;8;12;0;1H;0;0
G-0766;1970;M-1970-05;T-06;Belgium;BEL;P-02611;8;54;0;2H;0;0
G-0767;1970;M-1970-05;T-06;Belgium;BEL;P-08487;18;76;0;2H;0;1
G-0768;1970;M-1970-06;T-39;Italy;ITA;P-01538;13;10;0;1H;0;0
G-0769;1970;M-1970-07;T-09;Brazil;BRA;P-08138;11;24;0;1H;0;0
G-0770;1970;M-1970-07;T-09;Brazil;BRA;P-03795;10;59;0;2H;0;0
G-0771;1970;M-1970-07;T-09;Brazil;BRA;P-07877;7;61;0;2H;0;0
G-0772;1970;M-1970-07;T-09;Brazil;BRA;P-07877;7;83;0;2H;0;0
G-0773;1970;M-1970-07;T-20;Czechoslovakia;CSK;P-09661;8;11;0;1H;0;0
G-0774;1970;M-1970-08;T-82;West Germany;DEU;P-04896;9;56;0;2H;0;0
G-0775;1970;M-1970-08;T-82;West Germany;DEU;P-02483;13;80;0;2H;0;0
G-0776;1970;M-1970-08;T-45;Morocco;MAR;P-06106;14;21;0;1H;0;0
G-0777;1970;M-1970-09;T-69;Soviet Union;SUN;P-07069;16;14;0;1H;0;0
G-0778;1970;M-1970-09;T-69;Soviet Union;SUN;P-07069;16;63;0;2H;0;0
G-0779;1970;M-1970-09;T-69;Soviet Union;SUN;P-07448;11;57;0;2H;0;0
G-0780;1970;M-1970-09;T-69;Soviet Union;SUN;P-09955;21;76;0;2H;0;0
G-0781;1970;M-1970-09;T-06;Belgium;BEL;P-08487;18;86;0;2H;0;0
G-0782;1970;M-1970-11;T-58;Romania;ROU;P-09792;16;52;0;2H;0;0
G-0783;1970;M-1970-11;T-58;Romania;ROU;P-04515;9;75;0;2H;0;1
G-0784;1970;M-1970-11;T-20;Czechoslovakia;CSK;P-09661;8;5;0;1H;0;0
G-0785;1970;M-1970-12;T-54;Peru;PER;P-01348;10;65;0;2H;0;0
G-0786;1970;M-1970-12;T-54;Peru;PER;P-01348;10;75;0;2H;0;0
G-0787;1970;M-1970-12;T-54;Peru;PER;P-05315;7;67;0;2H;0;0
G-0788;1970;M-1970-13;T-44;Mexico;MEX;P-07033;19;45;0;1H;0;0
G-0789;1970;M-1970-13;T-44;Mexico;MEX;P-07033;19;46;0;2H;0;0
G-0790;1970;M-1970-13;T-44;Mexico;MEX;P-04083;21;58;0;2H;0;0
G-0791;1970;M-1970-13;T-44;Mexico;MEX;P-06644;20;83;0;2H;0;0
G-0792;1970;M-1970-14;T-71;Sweden;SWE;P-03830;18;53;0;2H;0;0
G-0793;1970;M-1970-14;T-38;Israel;ISR;P-04002;10;56;0;2H;0;0
G-0794;1970;M-1970-15;T-09;Brazil;BRA;P-07877;7;59;0;2H;0;0
G-0795;1970;M-1970-16;T-82;West Germany;DEU;P-02712;14;20;0;1H;0;0
G-0796;1970;M-1970-16;T-82;West Germany;DEU;P-02483;13;27;0;1H;0;0
G-0797;1970;M-1970-16;T-82;West Germany;DEU;P-02483;13;52;0;2H;0;1
G-0798;1970;M-1970-16;T-82;West Germany;DEU;P-02483;13;88;0;2H;0;0
G-0799;1970;M-1970-16;T-82;West Germany;DEU;P-04896;9;67;0;2H;0;0
G-0800;1970;M-1970-16;T-10;Bulgaria;BGR;P-06919;16;12;0;1H;0;0
G-0801;1970;M-1970-16;T-10;Bulgaria;BGR;P-07997;17;89;0;2H;0;0
G-0802;1970;M-1970-17;T-69;Soviet Union;SUN;P-07069;16;51;0;2H;0;0
G-0803;1970;M-1970-17;T-69;Soviet Union;SUN;P-07069;16;74;0;2H;0;0
G-0804;1970;M-1970-18;T-71;Sweden;SWE;P-00726;10;90;0;2H;0;0
G-0805;1970;M-1970-19;T-09;Brazil;BRA;P-03795;10;19;0;1H;0;0
G-0806;1970;M-1970-19;T-09;Brazil;BRA;P-03795;10;67;0;2H;0;0
G-0807;1970;M-1970-19;T-09;Brazil;BRA;P-07877;7;22;0;1H;0;0
G-0808;1970;M-1970-19;T-58;Romania;ROU;P-04515;9;34;0;1H;0;0
G-0809;1970;M-1970-19;T-58;Romania;ROU;P-09452;7;84;0;2H;0;0
G-0810;1970;M-1970-20;T-82;West Germany;DEU;P-02483;13;19;0;1H;0;0
G-0811;1970;M-1970-20;T-82;West Germany;DEU;P-02483;13;26;0;1H;0;0
G-0812;1970;M-1970-20;T-82;West Germany;DEU;P-02483;13;39;0;1H;0;0
G-0813;1970;M-1970-20;T-54;Peru;PER;P-01348;10;44;0;1H;0;0
G-0814;1970;M-1970-21;T-44;Mexico;MEX;P-09033;3;14;0;1H;0;1
G-0815;1970;M-1970-23;T-27;England;ENG;P-03656;21;50;0;2H;0;1
G-0816;1970;M-1970-24;T-10;Bulgaria;BGR;P-04634;14;40;0;1H;0;0
G-0817;1970;M-1970-24;T-45;Morocco;MAR;P-09904;11;61;0;2H;0;0
G-0818;1970;M-1970-25;T-09;Brazil;BRA;P-08138;11;11;0;1H;0;0
G-0819;1970;M-1970-25;T-09;Brazil;BRA;P-01461;9;15;0;1H;0;0
G-0820;1970;M-1970-25;T-09;Brazil;BRA;P-01461;9;52;0;2H;0;0
G-0821;1970;M-1970-25;T-09;Brazil;BRA;P-07877;7;75;0;2H;0;0
G-0822;1970;M-1970-25;T-54;Peru;PER;P-02248;11;28;0;1H;0;0
G-0823;1970;M-1970-25;T-54;Peru;PER;P-01348;10;70;0;2H;0;0
G-0824;1970;M-1970-26;T-39;Italy;ITA;P-04465;11;63;0;2H;0;0
G-0825;1970;M-1970-26;T-39;Italy;ITA;P-04465;11;76;0;2H;0;0
G-0826;1970;M-1970-26;T-39;Italy;ITA;P-05966;14;70;0;2H;0;0
G-0827;1970;M-1970-26;T-44;Mexico;MEX;P-00763;17;13;0;1H;0;0
G-0828;1970;M-1970-26;T-39;Italy;ITA;P-01353;14;25;0;1H;1;0
G-0829;1970;M-1970-27;T-80;Uruguay;URY;P-06766;9;117;0;ET, 2H;0;0
G-0830;1970;M-1970-28;T-82;West Germany;DEU;P-04356;4;68;0;2H;0;0
G-0831;1970;M-1970-28;T-82;West Germany;DEU;P-04896;9;82;0;2H;0;0
G-0832;1970;M-1970-28;T-82;West Germany;DEU;P-02483;13;108;0;ET, 2H;0;0
G-0833;1970;M-1970-28;T-27;England;ENG;P-01041;4;31;0;1H;0;0
G-0834;1970;M-1970-28;T-27;England;ENG;P-01405;11;49;0;2H;0;0
G-0835;1970;M-1970-29;T-09;Brazil;BRA;P-04805;5;44;0;1H;0;0
G-0836;1970;M-1970-29;T-09;Brazil;BRA;P-07877;7;76;0;2H;0;0
G-0837;1970;M-1970-29;T-09;Brazil;BRA;P-08138;11;89;0;2H;0;0
G-0838;1970;M-1970-29;T-80;Uruguay;URY;P-05958;7;19;0;1H;0;0
G-0839;1970;M-1970-30;T-39;Italy;ITA;P-08646;20;8;0;1H;0;0
G-0840;1970;M-1970-30;T-39;Italy;ITA;P-00130;2;98;0;ET, 1H;0;0
G-0841;1970;M-1970-30;T-39;Italy;ITA;P-04465;11;104;0;ET, 1H;0;0
G-0842;1970;M-1970-30;T-39;Italy;ITA;P-05966;14;111;0;ET, 2H;0;0
G-0843;1970;M-1970-30;T-82;West Germany;DEU;P-06318;3;90;0;2H;0;0
G-0844;1970;M-1970-30;T-82;West Germany;DEU;P-02483;13;94;0;ET, 1H;0;0
G-0845;1970;M-1970-30;T-82;West Germany;DEU;P-02483;13;110;0;ET, 2H;0;0
G-0846;1970;M-1970-31;T-82;West Germany;DEU;P-01728;12;26;0;1H;0;0
G-0847;1970;M-1970-32;T-09;Brazil;BRA;P-03795;10;18;0;1H;0;0
G-0848;1970;M-1970-32;T-09;Brazil;BRA;P-03612;8;66;0;2H;0;0
G-0849;1970;M-1970-32;T-09;Brazil;BRA;P-07877;7;71;0;2H;0;0
G-0850;1970;M-1970-32;T-09;Brazil;BRA;P-02917;4;86;0;2H;0;0
G-0851;1970;M-1970-32;T-39;Italy;ITA;P-08646;20;37;0;1H;0;0
G-0852;1974;M-1974-02;T-82;West Germany;DEU;P-02216;3;18;0;1H;0;0
G-0853;1974;M-1974-03;T-23;East Germany;DDR;P-03168;11;72;0;2H;0;0
G-0854;1974;M-1974-03;T-23;East Germany;DDR;P-01029;5;58;0;2H;1;0
G-0855;1974;M-1974-04;T-61;Scotland;SCO;P-09399;11;26;0;1H;0;0
G-0856;1974;M-1974-04;T-61;Scotland;SCO;P-05720;9;34;0;1H;0;0
G-0857;1974;M-1974-06;T-46;Netherlands;NLD;P-02210;16;7;0;1H;0;0
G-0858;1974;M-1974-06;T-46;Netherlands;NLD;P-02210;16;86;0;2H;0;0
G-0859;1974;M-1974-07;T-39;Italy;ITA;P-05966;10;52;0;2H;0;0
G-0860;1974;M-1974-07;T-39;Italy;ITA;P-08612;4;66;0;2H;0;0
G-0861;1974;M-1974-07;T-39;Italy;ITA;P-03727;19;79;0;2H;0;0
G-0862;1974;M-1974-07;T-32;Haiti;HTI;P-00406;20;46;0;2H;0;0
G-0863;1974;M-1974-08;T-55;Poland;POL;P-07200;16;7;0;1H;0;0
G-0864;1974;M-1974-08;T-55;Poland;POL;P-07200;16;62;0;2H;0;0
G-0865;1974;M-1974-08;T-55;Poland;POL;P-00830;17;8;0;1H;0;0
G-0866;1974;M-1974-08;T-03;Argentina;ARG;P-08315;10;60;0;2H;0;0
G-0867;1974;M-1974-08;T-03;Argentina;ARG;P-04660;3;66;0;2H;0;0
G-0868;1974;M-1974-09;T-82;West Germany;DEU;P-01728;12;12;0;1H;0;0
G-0869;1974;M-1974-09;T-82;West Germany;DEU;P-05060;8;34;0;1H;0;0
G-0870;1974;M-1974-09;T-82;West Germany;DEU;P-02483;13;53;0;2H;0;0
G-0871;1974;M-1974-10;T-13;Chile;CHL;P-01444;9;69;0;2H;0;0
G-0872;1974;M-1974-10;T-23;East Germany;DDR;P-08802;20;55;0;2H;0;0
G-0873;1974;M-1974-12;T-83;Yugoslavia;YUG;P-09420;19;8;0;1H;0;0
G-0874;1974;M-1974-12;T-83;Yugoslavia;YUG;P-09420;19;30;0;1H;0;0
G-0875;1974;M-1974-12;T-83;Yugoslavia;YUG;P-09420;19;81;0;2H;0;0
G-0876;1974;M-1974-12;T-83;Yugoslavia;YUG;P-04417;11;14;0;1H;0;0
G-0877;1974;M-1974-12;T-83;Yugoslavia;YUG;P-04912;9;18;0;1H;0;0
G-0878;1974;M-1974-12;T-83;Yugoslavia;YUG;P-06853;5;22;0;1H;0;0
G-0879;1974;M-1974-12;T-83;Yugoslavia;YUG;P-00654;6;35;0;1H;0;0
G-0880;1974;M-1974-12;T-83;Yugoslavia;YUG;P-08734;8;61;0;2H;0;0
G-0881;1974;M-1974-12;T-83;Yugoslavia;YUG;P-07052;7;65;0;2H;0;0
G-0882;1974;M-1974-13;T-10;Bulgaria;BGR;P-02078;8;75;0;2H;0;0
G-0883;1974;M-1974-13;T-80;Uruguay;URY;P-03113;6;87;0;2H;0;0
G-0884;1974;M-1974-15;T-03;Argentina;ARG;P-01388;11;20;0;1H;0;0
G-0885;1974;M-1974-15;T-39;Italy;ITA;P-02147;14;35;0;1H;1;0
G-0886;1974;M-1974-16;T-55;Poland;POL;P-07200;16;17;0;1H;0;0
G-0887;1974;M-1974-16;T-55;Poland;POL;P-07200;16;87;0;2H;0;0
G-0888;1974;M-1974-16;T-55;Poland;POL;P-08763;12;18;0;1H;0;0
G-0889;1974;M-1974-16;T-55;Poland;POL;P-00830;17;30;0;1H;0;0
G-0890;1974;M-1974-16;T-55;Poland;POL;P-00830;17;34;0;1H;0;0
G-0891;1974;M-1974-16;T-55;Poland;POL;P-00830;17;50;0;2H;0;0
G-0892;1974;M-1974-16;T-55;Poland;POL;P-02273;6;31;0;1H;0;0
G-0893;1974;M-1974-18;T-61;Scotland;SCO;P-05720;9;88;0;2H;0;0
G-0894;1974;M-1974-18;T-83;Yugoslavia;YUG;P-01252;18;81;0;2H;0;0
G-0895;1974;M-1974-19;T-09;Brazil;BRA;P-07877;7;12;0;1H;0;0
G-0896;1974;M-1974-19;T-09;Brazil;BRA;P-08138;10;66;0;2H;0;0
G-0897;1974;M-1974-19;T-09;Brazil;BRA;P-03797;13;79;0;2H;0;0
G-0898;1974;M-1974-20;T-23;East Germany;DDR;P-02636;14;77;0;2H;0;0
G-0899;1974;M-1974-21;T-46;Netherlands;NLD;P-07695;13;5;0;1H;0;1
G-0900;1974;M-1974-21;T-46;Netherlands;NLD;P-07695;13;44;0;1H;0;1
G-0901;1974;M-1974-21;T-46;Netherlands;NLD;P-02210;16;71;0;2H;0;0
G-0902;1974;M-1974-21;T-46;Netherlands;NLD;P-01173;7;88;0;2H;0;0
G-0903;1974;M-1974-21;T-10;Bulgaria;BGR;P-02465;12;78;0;2H;1;0
G-0904;1974;M-1974-22;T-71;Sweden;SWE;P-05385;10;46;0;2H;0;0
G-0905;1974;M-1974-22;T-71;Sweden;SWE;P-05385;10;77;0;2H;0;0
G-0906;1974;M-1974-22;T-71;Sweden;SWE;P-08549;11;74;0;2H;0;0
G-0907;1974;M-1974-23;T-03;Argentina;ARG;P-07742;22;15;0;1H;0;0
G-0908;1974;M-1974-23;T-03;Argentina;ARG;P-07742;22;68;0;2H;0;0
G-0909;1974;M-1974-23;T-03;Argentina;ARG;P-01388;11;18;0;1H;0;0
G-0910;1974;M-1974-23;T-03;Argentina;ARG;P-03494;2;55;0;2H;0;0
G-0911;1974;M-1974-23;T-32;Haiti;HTI;P-00406;20;63;0;2H;0;0
G-0912;1974;M-1974-24;T-55;Poland;POL;P-00830;17;38;0;1H;0;0
G-0913;1974;M-1974-24;T-55;Poland;POL;P-08763;12;44;0;1H;0;0
G-0914;1974;M-1974-24;T-39;Italy;ITA;P-07878;8;85;0;2H;0;0
G-0915;1974;M-1974-25;T-82;West Germany;DEU;P-02216;3;39;0;1H;0;0
G-0916;1974;M-1974-25;T-82;West Germany;DEU;P-02483;13;82;0;2H;0;0
G-0917;1974;M-1974-26;T-09;Brazil;BRA;P-08138;10;60;0;2H;0;0
G-0918;1974;M-1974-27;T-46;Netherlands;NLD;P-04432;14;11;0;1H;0;0
G-0919;1974;M-1974-27;T-46;Netherlands;NLD;P-04432;14;90;0;2H;0;0
G-0920;1974;M-1974-27;T-46;Netherlands;NLD;P-02465;12;25;0;1H;0;0
G-0921;1974;M-1974-27;T-46;Netherlands;NLD;P-02210;16;73;0;2H;0;0
G-0922;1974;M-1974-28;T-55;Poland;POL;P-07200;16;43;0;1H;0;0
G-0923;1974;M-1974-29;T-03;Argentina;ARG;P-04193;6;35;0;1H;0;0
G-0924;1974;M-1974-29;T-09;Brazil;BRA;P-08138;10;32;0;1H;0;0
G-0925;1974;M-1974-29;T-09;Brazil;BRA;P-07877;7;49;0;2H;0;0
G-0926;1974;M-1974-30;T-46;Netherlands;NLD;P-07695;13;7;0;1H;0;0
G-0927;1974;M-1974-30;T-46;Netherlands;NLD;P-07325;15;59;0;2H;0;0
G-0928;1974;M-1974-31;T-55;Poland;POL;P-08763;12;24;0;1H;0;1
G-0929;1974;M-1974-31;T-55;Poland;POL;P-07200;16;62;0;2H;0;0
G-0930;1974;M-1974-31;T-83;Yugoslavia;YUG;P-01252;18;43;0;1H;0;0
G-0931;1974;M-1974-32;T-82;West Germany;DEU;P-01728;12;51;0;2H;0;0
G-0932;1974;M-1974-32;T-82;West Germany;DEU;P-05466;16;52;0;2H;0;0
G-0933;1974;M-1974-32;T-82;West Germany;DEU;P-05887;9;76;0;2H;0;0
G-0934;1974;M-1974-32;T-82;West Germany;DEU;P-09543;14;89;0;2H;0;1
G-0935;1974;M-1974-32;T-71;Sweden;SWE;P-05385;10;24;0;1H;0;0
G-0936;1974;M-1974-32;T-71;Sweden;SWE;P-08549;11;53;0;2H;0;0
G-0937;1974;M-1974-33;T-82;West Germany;DEU;P-02483;13;76;0;2H;0;0
G-0938;1974;M-1974-34;T-03;Argentina;ARG;P-01388;11;20;0;1H;0;0
G-0939;1974;M-1974-34;T-23;East Germany;DDR;P-03168;11;14;0;1H;0;0
G-0940;1974;M-1974-35;T-46;Netherlands;NLD;P-07695;13;50;0;2H;0;0
G-0941;1974;M-1974-35;T-46;Netherlands;NLD;P-04432;14;65;0;2H;0;0
G-0942;1974;M-1974-36;T-71;Sweden;SWE;P-05385;10;29;0;1H;0;0
G-0943;1974;M-1974-36;T-71;Sweden;SWE;P-07472;8;85;0;2H;0;0
G-0944;1974;M-1974-36;T-83;Yugoslavia;YUG;P-04912;9;27;0;1H;0;0
G-0945;1974;M-1974-37;T-55;Poland;POL;P-07200;16;76;0;2H;0;0
G-0946;1974;M-1974-38;T-46;Netherlands;NLD;P-07695;13;2;0;1H;0;1
G-0947;1974;M-1974-38;T-82;West Germany;DEU;P-02216;3;25;0;1H;0;1
G-0948;1974;M-1974-38;T-82;West Germany;DEU;P-02483;13;43;0;1H;0;0
G-0949;1978;M-1978-02;T-39;Italy;ITA;P-08703;21;29;0;1H;0;0
G-0950;1978;M-1978-02;T-39;Italy;ITA;P-07176;15;54;0;2H;0;0
G-0951;1978;M-1978-02;T-28;France;FRA;P-02000;17;1;0;1H;0;0
G-0952;1978;M-1978-03;T-75;Tunisia;TUN;P-07717;3;55;0;2H;0;0
G-0953;1978;M-1978-03;T-75;Tunisia;TUN;P-02826;6;79;0;2H;0;0
G-0954;1978;M-1978-03;T-75;Tunisia;TUN;P-03642;2;87;0;2H;0;0
G-0955;1978;M-1978-03;T-44;Mexico;MEX;P-07268;5;45;0;1H;0;1
G-0956;1978;M-1978-04;T-03;Argentina;ARG;P-00328;14;14;0;1H;0;0
G-0957;1978;M-1978-04;T-03;Argentina;ARG;P-05050;4;83;0;2H;0;0
G-0958;1978;M-1978-04;T-34;Hungary;HUN;P-08066;13;9;0;1H;0;0
G-0959;1978;M-1978-05;T-05;Austria;AUT;P-02601;18;10;0;1H;0;0
G-0960;1978;M-1978-05;T-05;Austria;AUT;P-06890;9;76;0;2H;0;0
G-0961;1978;M-1978-05;T-70;Spain;ESP;P-08401;7;21;0;1H;0;0
G-0962;1978;M-1978-06;T-09;Brazil;BRA;P-08877;9;45;0;1H;0;0
G-0963;1978;M-1978-06;T-71;Sweden;SWE;P-01558;10;37;0;1H;0;0
G-0964;1978;M-1978-07;T-46;Netherlands;NLD;P-07325;12;40;0;1H;0;1
G-0965;1978;M-1978-07;T-46;Netherlands;NLD;P-07325;12;62;0;2H;0;0
G-0966;1978;M-1978-07;T-46;Netherlands;NLD;P-07325;12;78;0;2H;0;1
G-0967;1978;M-1978-08;T-54;Peru;PER;P-07344;8;43;0;1H;0;0
G-0968;1978;M-1978-08;T-54;Peru;PER;P-01348;10;71;0;2H;0;0
G-0969;1978;M-1978-08;T-54;Peru;PER;P-01348;10;77;0;2H;0;0
G-0970;1978;M-1978-08;T-61;Scotland;SCO;P-05720;9;14;0;1H;0;0
G-0971;1978;M-1978-09;T-39;Italy;ITA;P-08703;21;34;0;1H;0;0
G-0972;1978;M-1978-09;T-39;Italy;ITA;P-02699;18;35;0;1H;0;0
G-0973;1978;M-1978-09;T-39;Italy;ITA;P-08612;10;61;0;2H;0;0
G-0974;1978;M-1978-09;T-34;Hungary;HUN;P-03030;19;81;0;2H;0;1
G-0975;1978;M-1978-10;T-55;Poland;POL;P-07200;16;43;0;1H;0;0
G-0976;1978;M-1978-11;T-82;West Germany;DEU;P-00538;14;15;0;1H;0;0
G-0977;1978;M-1978-11;T-82;West Germany;DEU;P-07727;20;30;0;1H;0;0
G-0978;1978;M-1978-11;T-82;West Germany;DEU;P-08975;11;38;0;1H;0;0
G-0979;1978;M-1978-11;T-82;West Germany;DEU;P-08975;11;73;0;2H;0;0
G-0980;1978;M-1978-11;T-82;West Germany;DEU;P-02716;10;44;0;1H;0;0
G-0981;1978;M-1978-11;T-82;West Germany;DEU;P-02716;10;89;0;2H;0;0
G-0982;1978;M-1978-12;T-03;Argentina;ARG;P-00705;19;45;0;1H;0;1
G-0983;1978;M-1978-12;T-03;Argentina;ARG;P-00328;14;73;0;2H;0;0
G-0984;1978;M-1978-12;T-28;France;FRA;P-07530;15;60;0;2H;0;0
G-0985;1978;M-1978-13;T-05;Austria;AUT;P-06890;9;42;0;1H;0;1
G-0986;1978;M-1978-16;T-36;Iran;IRN;P-02042;2;60;0;2H;0;0
G-0987;1978;M-1978-16;T-61;Scotland;SCO;P-07254;15;43;0;1H;1;0
G-0988;1978;M-1978-17;T-28;France;FRA;P-03471;6;23;0;1H;0;0
G-0989;1978;M-1978-17;T-28;France;FRA;P-07675;14;38;0;1H;0;0
G-0990;1978;M-1978-17;T-28;France;FRA;P-00360;18;42;0;1H;0;0
G-0991;1978;M-1978-17;T-34;Hungary;HUN;P-06710;5;41;0;1H;0;0
G-0992;1978;M-1978-18;T-55;Poland;POL;P-05351;18;43;0;1H;0;0
G-0993;1978;M-1978-18;T-55;Poland;POL;P-05351;18;84;0;2H;0;0
G-0994;1978;M-1978-18;T-55;Poland;POL;P-08763;12;56;0;2H;0;0
G-0995;1978;M-1978-18;T-44;Mexico;MEX;P-01420;9;52;0;2H;0;0
G-0996;1978;M-1978-20;T-39;Italy;ITA;P-02699;18;67;0;2H;0;0
G-0997;1978;M-1978-21;T-09;Brazil;BRA;P-06608;20;40;0;1H;0;0
G-0998;1978;M-1978-22;T-70;Spain;ESP;P-02795;4;75;0;2H;0;0
G-0999;1978;M-1978-23;T-54;Peru;PER;P-01919;6;2;0;1H;0;0
G-1000;1978;M-1978-23;T-54;Peru;PER;P-01348;10;36;0;1H;0;1
G-1001;1978;M-1978-23;T-54;Peru;PER;P-01348;10;39;0;1H;0;1
G-1002;1978;M-1978-23;T-54;Peru;PER;P-01348;10;79;0;2H;0;0
G-1003;1978;M-1978-23;T-36;Iran;IRN;P-00304;10;41;0;1H;0;0
G-1004;1978;M-1978-24;T-61;Scotland;SCO;P-04509;8;45;0;1H;0;0
G-1005;1978;M-1978-24;T-61;Scotland;SCO;P-04060;15;46;0;2H;0;1
G-1006;1978;M-1978-24;T-61;Scotland;SCO;P-04060;15;68;0;2H;0;0
G-1007;1978;M-1978-24;T-46;Netherlands;NLD;P-07325;12;34;0;1H;0;1
G-1008;1978;M-1978-24;T-46;Netherlands;NLD;P-02210;16;71;0;2H;0;0
G-1009;1978;M-1978-25;T-05;Austria;AUT;P-05506;3;80;0;2H;0;0
G-1010;1978;M-1978-25;T-46;Netherlands;NLD;P-03043;22;6;0;1H;0;0
G-1011;1978;M-1978-25;T-46;Netherlands;NLD;P-07325;12;35;0;1H;0;1
G-1012;1978;M-1978-25;T-46;Netherlands;NLD;P-02210;16;36;0;1H;0;0
G-1013;1978;M-1978-25;T-46;Netherlands;NLD;P-02210;16;53;0;2H;0;0
G-1014;1978;M-1978-25;T-46;Netherlands;NLD;P-03042;11;82;0;2H;0;0
G-1015;1978;M-1978-27;T-09;Brazil;BRA;P-02014;11;15;0;1H;0;0
G-1016;1978;M-1978-27;T-09;Brazil;BRA;P-02014;11;27;0;1H;0;0
G-1017;1978;M-1978-27;T-09;Brazil;BRA;P-03653;8;72;0;2H;0;1
G-1018;1978;M-1978-28;T-03;Argentina;ARG;P-07202;10;16;0;1H;0;0
G-1019;1978;M-1978-28;T-03;Argentina;ARG;P-07202;10;71;0;2H;0;0
G-1020;1978;M-1978-29;T-55;Poland;POL;P-00830;17;65;0;2H;0;0
G-1021;1978;M-1978-30;T-39;Italy;ITA;P-08703;21;13;0;1H;0;0
G-1022;1978;M-1978-31;T-46;Netherlands;NLD;P-09366;9;27;0;1H;0;0
G-1023;1978;M-1978-31;T-46;Netherlands;NLD;P-02579;10;82;0;2H;0;0
G-1024;1978;M-1978-31;T-82;West Germany;DEU;P-03561;7;3;0;1H;0;0
G-1025;1978;M-1978-31;T-82;West Germany;DEU;P-00538;14;70;0;2H;0;0
G-1026;1978;M-1978-33;T-05;Austria;AUT;P-06890;9;66;0;2H;0;0
G-1027;1978;M-1978-33;T-05;Austria;AUT;P-06890;9;87;0;2H;0;0
G-1028;1978;M-1978-33;T-82;West Germany;DEU;P-08975;11;19;0;1H;0;0
G-1029;1978;M-1978-33;T-82;West Germany;DEU;P-03861;17;68;0;2H;0;0
G-1030;1978;M-1978-33;T-05;Austria;AUT;P-00329;2;59;0;2H;1;0
G-1031;1978;M-1978-34;T-46;Netherlands;NLD;P-03043;22;49;0;2H;0;0
G-1032;1978;M-1978-34;T-46;Netherlands;NLD;P-09366;9;76;0;2H;0;0
G-1033;1978;M-1978-34;T-39;Italy;ITA;P-03043;22;19;0;1H;1;0
G-1034;1978;M-1978-35;T-09;Brazil;BRA;P-08465;13;13;0;1H;0;0
G-1035;1978;M-1978-35;T-09;Brazil;BRA;P-06608;20;58;0;2H;0;0
G-1036;1978;M-1978-35;T-09;Brazil;BRA;P-06608;20;63;0;2H;0;0
G-1037;1978;M-1978-35;T-55;Poland;POL;P-07200;16;45;0;1H;0;0
G-1038;1978;M-1978-36;T-03;Argentina;ARG;P-07202;10;21;0;1H;0;0
G-1039;1978;M-1978-36;T-03;Argentina;ARG;P-07202;10;49;0;2H;0;0
G-1040;1978;M-1978-36;T-03;Argentina;ARG;P-06305;20;43;0;1H;0;0
G-1041;1978;M-1978-36;T-03;Argentina;ARG;P-00328;14;50;0;2H;0;0
G-1042;1978;M-1978-36;T-03;Argentina;ARG;P-00328;14;72;0;2H;0;0
G-1043;1978;M-1978-36;T-03;Argentina;ARG;P-01388;9;67;0;2H;0;0
G-1044;1978;M-1978-37;T-09;Brazil;BRA;P-08465;13;64;0;2H;0;0
G-1045;1978;M-1978-37;T-09;Brazil;BRA;P-02014;11;71;0;2H;0;0
G-1046;1978;M-1978-37;T-39;Italy;ITA;P-01918;16;38;0;1H;0;0
G-1047;1978;M-1978-38;T-03;Argentina;ARG;P-07202;10;38;0;1H;0;0
G-1048;1978;M-1978-38;T-03;Argentina;ARG;P-07202;10;105;0;ET, 1H;0;0
G-1049;1978;M-1978-38;T-03;Argentina;ARG;P-05050;4;115;0;ET, 2H;0;0
G-1050;1978;M-1978-38;T-46;Netherlands;NLD;P-05468;18;82;0;2H;0;0
G-1051;1982;M-1982-01;T-06;Belgium;BEL;P-03124;9;62;0;2H;0;0
G-1052;1982;M-1982-03;T-09;Brazil;BRA;P-03716;8;75;0;2H;0;0
G-1053;1982;M-1982-03;T-09;Brazil;BRA;P-05515;11;88;0;2H;0;0
G-1054;1982;M-1982-03;T-69;Soviet Union;SUN;P-03268;12;34;0;1H;0;0
G-1055;1982;M-1982-05;T-34;Hungary;HUN;P-01344;8;4;0;1H;0;0
G-1056;1982;M-1982-05;T-34;Hungary;HUN;P-01344;8;83;0;2H;0;0
G-1057;1982;M-1982-05;T-34;Hungary;HUN;P-06199;11;11;0;1H;0;0
G-1058;1982;M-1982-05;T-34;Hungary;HUN;P-07494;7;23;0;1H;0;0
G-1059;1982;M-1982-05;T-34;Hungary;HUN;P-07494;7;54;0;2H;0;0
G-1060;1982;M-1982-05;T-34;Hungary;HUN;P-06824;4;50;0;2H;0;0
G-1061;1982;M-1982-05;T-34;Hungary;HUN;P-04758;10;69;0;2H;0;0
G-1062;1982;M-1982-05;T-34;Hungary;HUN;P-04758;10;72;0;2H;0;0
G-1063;1982;M-1982-05;T-34;Hungary;HUN;P-04758;10;76;0;2H;0;0
G-1064;1982;M-1982-05;T-34;Hungary;HUN;P-04097;12;70;0;2H;0;0
G-1065;1982;M-1982-05;T-26;El Salvador;SLV;P-02077;14;64;0;2H;0;0
G-1066;1982;M-1982-06;T-61;Scotland;SCO;P-04509;8;18;0;1H;0;0
G-1067;1982;M-1982-06;T-61;Scotland;SCO;P-01654;10;29;0;1H;0;0
G-1068;1982;M-1982-06;T-61;Scotland;SCO;P-01654;10;32;0;1H;0;0
G-1069;1982;M-1982-06;T-61;Scotland;SCO;P-07209;11;73;0;2H;0;0
G-1070;1982;M-1982-06;T-61;Scotland;SCO;P-06886;18;79;0;2H;0;0
G-1071;1982;M-1982-06;T-47;New Zealand;NZL;P-05984;10;54;0;2H;0;0
G-1072;1982;M-1982-06;T-47;New Zealand;NZL;P-06482;9;64;0;2H;0;0
G-1073;1982;M-1982-07;T-82;West Germany;DEU;P-08975;11;67;0;2H;0;0
G-1074;1982;M-1982-07;T-01;Algeria;DZA;P-05987;11;54;0;2H;0;0
G-1075;1982;M-1982-07;T-01;Algeria;DZA;P-06826;10;68;0;2H;0;0
G-1076;1982;M-1982-08;T-27;England;ENG;P-01902;16;1;0;1H;0;0
G-1077;1982;M-1982-08;T-27;England;ENG;P-01902;16;67;0;2H;0;0
G-1078;1982;M-1982-08;T-27;England;ENG;P-05041;11;83;0;2H;0;0
G-1079;1982;M-1982-08;T-28;France;FRA;P-09901;20;24;0;1H;0;0
G-1080;1982;M-1982-09;T-70;Spain;ESP;P-02912;11;65;0;2H;0;1
G-1081;1982;M-1982-09;T-33;Honduras;HND;P-09011;15;8;0;1H;0;0
G-1082;1982;M-1982-10;T-05;Austria;AUT;P-02601;7;22;0;1H;0;0
G-1083;1982;M-1982-11;T-20;Czechoslovakia;CSK;P-07198;8;21;0;1H;0;1
G-1084;1982;M-1982-11;T-43;Kuwait;KWT;P-06167;16;57;0;2H;0;0
G-1085;1982;M-1982-13;T-39;Italy;ITA;P-00500;16;18;0;1H;0;0
G-1086;1982;M-1982-13;T-54;Peru;PER;P-09739;15;83;0;2H;0;0
G-1087;1982;M-1982-14;T-03;Argentina;ARG;P-05050;4;26;0;1H;0;0
G-1088;1982;M-1982-14;T-03;Argentina;ARG;P-06516;10;28;0;1H;0;0
G-1089;1982;M-1982-14;T-03;Argentina;ARG;P-06516;10;57;0;2H;0;0
G-1090;1982;M-1982-14;T-03;Argentina;ARG;P-06578;1;60;0;2H;0;0
G-1091;1982;M-1982-14;T-34;Hungary;HUN;P-06199;11;76;0;2H;0;0
G-1092;1982;M-1982-15;T-09;Brazil;BRA;P-03653;10;33;0;1H;0;0
G-1093;1982;M-1982-15;T-09;Brazil;BRA;P-00869;3;48;0;2H;0;0
G-1094;1982;M-1982-15;T-09;Brazil;BRA;P-05515;11;63;0;2H;0;0
G-1095;1982;M-1982-15;T-09;Brazil;BRA;P-05820;15;87;0;2H;0;0
G-1096;1982;M-1982-15;T-61;Scotland;SCO;P-00355;14;18;0;1H;0;0
G-1097;1982;M-1982-17;T-06;Belgium;BEL;P-07546;10;19;0;1H;0;0
G-1098;1982;M-1982-18;T-69;Soviet Union;SUN;P-02943;9;24;0;1H;0;0
G-1099;1982;M-1982-18;T-69;Soviet Union;SUN;P-01271;11;48;0;2H;0;0
G-1100;1982;M-1982-18;T-69;Soviet Union;SUN;P-03384;5;68;0;2H;0;0
G-1101;1982;M-1982-19;T-82;West Germany;DEU;P-08975;11;9;0;1H;0;0
G-1102;1982;M-1982-19;T-82;West Germany;DEU;P-08975;11;57;0;2H;0;0
G-1103;1982;M-1982-19;T-82;West Germany;DEU;P-08975;11;66;0;2H;0;0
G-1104;1982;M-1982-19;T-82;West Germany;DEU;P-03995;13;81;0;2H;0;0
G-1105;1982;M-1982-19;T-13;Chile;CHL;P-02155;11;90;0;2H;0;0
G-1106;1982;M-1982-20;T-27;England;ENG;P-01938;8;62;0;2H;0;0
G-1107;1982;M-1982-20;T-27;England;ENG;P-04963;5;66;0;2H;1;0
G-1108;1982;M-1982-21;T-70;Spain;ESP;P-08436;7;14;0;1H;0;1
G-1109;1982;M-1982-21;T-70;Spain;ESP;P-02836;15;66;0;2H;0;0
G-1110;1982;M-1982-21;T-83;Yugoslavia;YUG;P-04224;3;10;0;1H;0;0
G-1111;1982;M-1982-22;T-05;Austria;AUT;P-02601;7;55;0;2H;0;0
G-1112;1982;M-1982-22;T-05;Austria;AUT;P-06890;9;67;0;2H;0;0
G-1113;1982;M-1982-23;T-28;France;FRA;P-08166;9;31;0;1H;0;0
G-1114;1982;M-1982-23;T-28;France;FRA;P-07530;10;43;0;1H;0;0
G-1115;1982;M-1982-23;T-28;France;FRA;P-00182;19;48;0;2H;0;0
G-1116;1982;M-1982-23;T-28;France;FRA;P-05135;4;89;0;2H;0;0
G-1117;1982;M-1982-23;T-43;Kuwait;KWT;P-01258;8;75;0;2H;0;0
G-1118;1982;M-1982-24;T-33;Honduras;HND;P-09045;7;60;0;2H;0;0
G-1119;1982;M-1982-24;T-50;Northern Ireland;NIR;P-01384;9;10;0;1H;0;0
G-1120;1982;M-1982-25;T-55;Poland;POL;P-02033;11;55;0;2H;0;0
G-1121;1982;M-1982-25;T-55;Poland;POL;P-07200;16;58;0;2H;0;0
G-1122;1982;M-1982-25;T-55;Poland;POL;P-05351;20;61;0;2H;0;0
G-1123;1982;M-1982-25;T-55;Poland;POL;P-06717;13;68;0;2H;0;0
G-1124;1982;M-1982-25;T-55;Poland;POL;P-08965;15;76;0;2H;0;0
G-1125;1982;M-1982-25;T-54;Peru;PER;P-06049;19;83;0;2H;0;0
G-1126;1982;M-1982-26;T-06;Belgium;BEL;P-04832;21;76;0;2H;0;0
G-1127;1982;M-1982-26;T-34;Hungary;HUN;P-07964;19;27;0;1H;0;0
G-1128;1982;M-1982-27;T-69;Soviet Union;SUN;P-07281;3;59;0;2H;0;0
G-1129;1982;M-1982-27;T-69;Soviet Union;SUN;P-09762;7;84;0;2H;0;0
G-1130;1982;M-1982-27;T-61;Scotland;SCO;P-05720;15;15;0;1H;0;0
G-1131;1982;M-1982-27;T-61;Scotland;SCO;P-09225;4;86;0;2H;0;0
G-1132;1982;M-1982-28;T-39;Italy;ITA;P-01606;19;60;0;2H;0;0
G-1133;1982;M-1982-28;T-11;Cameroon;CMR;P-00607;8;61;0;2H;0;0
G-1134;1982;M-1982-29;T-03;Argentina;ARG;P-00705;15;22;0;1H;0;1
G-1135;1982;M-1982-29;T-03;Argentina;ARG;P-05050;4;54;0;2H;0;0
G-1136;1982;M-1982-30;T-09;Brazil;BRA;P-03653;10;28;0;1H;0;0
G-1137;1982;M-1982-30;T-09;Brazil;BRA;P-03653;10;31;0;1H;0;0
G-1138;1982;M-1982-30;T-09;Brazil;BRA;P-05820;15;64;0;2H;0;0
G-1139;1982;M-1982-30;T-09;Brazil;BRA;P-06564;9;70;0;2H;0;0
G-1140;1982;M-1982-31;T-01;Algeria;DZA;P-04611;7;7;0;1H;0;0
G-1141;1982;M-1982-31;T-01;Algeria;DZA;P-04611;7;31;0;1H;0;0
G-1142;1982;M-1982-31;T-01;Algeria;DZA;P-07075;9;35;0;1H;0;0
G-1143;1982;M-1982-31;T-13;Chile;CHL;P-07951;20;59;0;2H;0;1
G-1144;1982;M-1982-31;T-13;Chile;CHL;P-03618;9;73;0;2H;0;0
G-1145;1982;M-1982-32;T-28;France;FRA;P-00182;19;66;0;2H;0;0
G-1146;1982;M-1982-32;T-20;Czechoslovakia;CSK;P-07198;8;84;0;2H;0;1
G-1147;1982;M-1982-33;T-83;Yugoslavia;YUG;P-00443;7;88;0;2H;0;1
G-1148;1982;M-1982-34;T-82;West Germany;DEU;P-08438;9;10;0;1H;0;0
G-1149;1982;M-1982-35;T-27;England;ENG;P-01938;8;27;0;1H;0;0
G-1150;1982;M-1982-36;T-50;Northern Ireland;NIR;P-01384;9;47;0;2H;0;0
G-1151;1982;M-1982-37;T-28;France;FRA;P-08166;9;39;0;1H;0;0
G-1152;1982;M-1982-38;T-55;Poland;POL;P-05351;20;4;0;1H;0;0
G-1153;1982;M-1982-38;T-55;Poland;POL;P-05351;20;26;0;1H;0;0
G-1154;1982;M-1982-38;T-55;Poland;POL;P-05351;20;53;0;2H;0;0
G-1155;1982;M-1982-39;T-39;Italy;ITA;P-06751;14;57;0;2H;0;0
G-1156;1982;M-1982-39;T-39;Italy;ITA;P-05548;4;67;0;2H;0;0
G-1157;1982;M-1982-39;T-03;Argentina;ARG;P-00705;15;83;0;2H;0;0
G-1158;1982;M-1982-41;T-05;Austria;AUT;P-00398;5;50;0;2H;0;0
G-1159;1982;M-1982-41;T-05;Austria;AUT;P-03157;10;68;0;2H;0;0
G-1160;1982;M-1982-41;T-50;Northern Ireland;NIR;P-07495;11;27;0;1H;0;0
G-1161;1982;M-1982-41;T-50;Northern Ireland;NIR;P-07495;11;75;0;2H;0;0
G-1162;1982;M-1982-42;T-69;Soviet Union;SUN;P-06097;10;48;0;2H;0;0
G-1163;1982;M-1982-43;T-03;Argentina;ARG;P-01117;6;89;0;2H;0;0
G-1164;1982;M-1982-43;T-09;Brazil;BRA;P-03653;10;11;0;1H;0;0
G-1165;1982;M-1982-43;T-09;Brazil;BRA;P-06564;9;66;0;2H;0;0
G-1166;1982;M-1982-43;T-09;Brazil;BRA;P-01964;6;75;0;2H;0;0
G-1167;1982;M-1982-44;T-82;West Germany;DEU;P-05795;7;50;0;2H;0;0
G-1168;1982;M-1982-44;T-82;West Germany;DEU;P-01085;8;75;0;2H;0;0
G-1169;1982;M-1982-44;T-70;Spain;ESP;P-05930;10;82;0;2H;0;0
G-1170;1982;M-1982-45;T-28;France;FRA;P-01018;12;33;0;1H;0;0
G-1171;1982;M-1982-45;T-28;France;FRA;P-01018;12;80;0;2H;0;0
G-1172;1982;M-1982-45;T-28;France;FRA;P-00360;18;46;0;2H;0;0
G-1173;1982;M-1982-45;T-28;France;FRA;P-00360;18;68;0;2H;0;0
G-1174;1982;M-1982-45;T-50;Northern Ireland;NIR;P-01384;9;75;0;2H;0;0
G-1175;1982;M-1982-47;T-39;Italy;ITA;P-08703;20;5;0;1H;0;0
G-1176;1982;M-1982-47;T-39;Italy;ITA;P-08703;20;25;0;1H;0;0
G-1177;1982;M-1982-47;T-39;Italy;ITA;P-08703;20;74;0;2H;0;0
G-1178;1982;M-1982-47;T-09;Brazil;BRA;P-03716;8;12;0;1H;0;0
G-1179;1982;M-1982-47;T-09;Brazil;BRA;P-05820;15;68;0;2H;0;0
G-1180;1982;M-1982-49;T-39;Italy;ITA;P-08703;20;22;0;1H;0;0
G-1181;1982;M-1982-49;T-39;Italy;ITA;P-08703;20;73;0;2H;0;0
G-1182;1982;M-1982-50;T-82;West Germany;DEU;P-05795;7;17;0;1H;0;0
G-1183;1982;M-1982-50;T-82;West Germany;DEU;P-08975;11;102;0;ET, 1H;0;0
G-1184;1982;M-1982-50;T-82;West Germany;DEU;P-01085;8;108;0;ET, 2H;0;0
G-1185;1982;M-1982-50;T-28;France;FRA;P-07530;10;26;0;1H;0;1
G-1186;1982;M-1982-50;T-28;France;FRA;P-03401;8;92;0;ET, 1H;0;0
G-1187;1982;M-1982-50;T-28;France;FRA;P-01018;12;98;0;ET, 1H;0;0
G-1188;1982;M-1982-51;T-55;Poland;POL;P-00830;17;40;0;1H;0;0
G-1189;1982;M-1982-51;T-55;Poland;POL;P-00203;10;44;0;1H;0;0
G-1190;1982;M-1982-51;T-55;Poland;POL;P-04024;3;46;0;2H;0;0
G-1191;1982;M-1982-51;T-28;France;FRA;P-01783;11;13;0;1H;0;0
G-1192;1982;M-1982-51;T-28;France;FRA;P-04252;16;72;0;2H;0;0
G-1193;1982;M-1982-52;T-39;Italy;ITA;P-08703;20;57;0;2H;0;0
G-1194;1982;M-1982-52;T-39;Italy;ITA;P-06751;14;69;0;2H;0;0
G-1195;1982;M-1982-52;T-39;Italy;ITA;P-09627;18;81;0;2H;0;0
G-1196;1982;M-1982-52;T-82;West Germany;DEU;P-02216;3;83;0;2H;0;0
G-1197;1986;M-1986-01;T-10;Bulgaria;BGR;P-06558;2;85;0;2H;0;0
G-1198;1986;M-1986-01;T-39;Italy;ITA;P-09627;18;44;0;1H;0;0
G-1199;1986;M-1986-02;T-09;Brazil;BRA;P-03716;18;62;0;2H;0;0
G-1200;1986;M-1986-03;T-28;France;FRA;P-03112;17;79;0;2H;0;0
G-1201;1986;M-1986-04;T-03;Argentina;ARG;P-04626;11;6;0;1H;0;0
G-1202;1986;M-1986-04;T-03;Argentina;ARG;P-04626;11;46;0;2H;0;0
G-1203;1986;M-1986-04;T-03;Argentina;ARG;P-06983;19;18;0;1H;0;0
G-1204;1986;M-1986-04;T-68;South Korea;KOR;P-02029;10;73;0;2H;0;0
G-1205;1986;M-1986-05;T-69;Soviet Union;SUN;P-04507;8;2;0;1H;0;0
G-1206;1986;M-1986-05;T-69;Soviet Union;SUN;P-01983;20;4;0;1H;0;0
G-1207;1986;M-1986-05;T-69;Soviet Union;SUN;P-09401;19;24;0;1H;0;1
G-1208;1986;M-1986-05;T-69;Soviet Union;SUN;P-05306;7;66;0;2H;0;0
G-1209;1986;M-1986-05;T-69;Soviet Union;SUN;P-09655;14;80;0;2H;0;0
G-1210;1986;M-1986-05;T-69;Soviet Union;SUN;P-02708;9;73;0;2H;1;0
G-1211;1986;M-1986-07;T-06;Belgium;BEL;P-03124;9;45;0;1H;0;0
G-1212;1986;M-1986-07;T-44;Mexico;MEX;P-07688;3;23;0;1H;0;0
G-1213;1986;M-1986-07;T-44;Mexico;MEX;P-07659;9;39;0;1H;0;0
G-1214;1986;M-1986-08;T-01;Algeria;DZA;P-03734;14;59;0;2H;0;0
G-1215;1986;M-1986-08;T-50;Northern Ireland;NIR;P-08413;10;6;0;1H;0;0
G-1216;1986;M-1986-09;T-56;Portugal;PRT;P-05077;6;75;0;2H;0;0
G-1217;1986;M-1986-10;T-53;Paraguay;PRY;P-00797;8;35;0;1H;0;0
G-1218;1986;M-1986-11;T-80;Uruguay;URY;P-08656;7;4;0;1H;0;0
G-1219;1986;M-1986-11;T-82;West Germany;DEU;P-03310;19;84;0;2H;0;0
G-1220;1986;M-1986-12;T-21;Denmark;DNK;P-06503;10;57;0;2H;0;0
G-1221;1986;M-1986-13;T-39;Italy;ITA;P-09627;18;6;0;1H;0;1
G-1222;1986;M-1986-13;T-03;Argentina;ARG;P-06516;10;34;0;1H;0;0
G-1223;1986;M-1986-14;T-28;France;FRA;P-07435;9;62;0;2H;0;0
G-1224;1986;M-1986-14;T-69;Soviet Union;SUN;P-05307;21;53;0;2H;0;0
G-1225;1986;M-1986-15;T-68;South Korea;KOR;P-01734;7;70;0;2H;0;0
G-1226;1986;M-1986-15;T-10;Bulgaria;BGR;P-06964;11;11;0;1H;0;0
G-1227;1986;M-1986-16;T-34;Hungary;HUN;P-09617;11;2;0;1H;0;0
G-1228;1986;M-1986-16;T-34;Hungary;HUN;P-08277;10;75;0;2H;0;0
G-1229;1986;M-1986-17;T-09;Brazil;BRA;P-08699;9;66;0;2H;0;0
G-1230;1986;M-1986-19;T-44;Mexico;MEX;P-09790;15;3;0;1H;0;0
G-1231;1986;M-1986-19;T-53;Paraguay;PRY;P-00797;8;85;0;2H;0;0
G-1232;1986;M-1986-20;T-50;Northern Ireland;NIR;P-04501;17;46;0;2H;0;0
G-1233;1986;M-1986-20;T-70;Spain;ESP;P-07608;9;1;0;1H;0;0
G-1234;1986;M-1986-20;T-70;Spain;ESP;P-08552;19;18;0;1H;0;0
G-1235;1986;M-1986-21;T-55;Poland;POL;P-02033;11;68;0;2H;0;0
G-1236;1986;M-1986-22;T-37;Iraq;IRQ;P-04447;8;59;0;2H;0;0
G-1237;1986;M-1986-22;T-06;Belgium;BEL;P-00872;8;16;0;1H;0;0
G-1238;1986;M-1986-22;T-06;Belgium;BEL;P-03746;16;21;0;1H;0;1
G-1239;1986;M-1986-23;T-82;West Germany;DEU;P-07240;9;23;0;1H;0;0
G-1240;1986;M-1986-23;T-82;West Germany;DEU;P-03310;19;49;0;2H;0;0
G-1241;1986;M-1986-23;T-61;Scotland;SCO;P-02376;7;18;0;1H;0;0
G-1242;1986;M-1986-24;T-21;Denmark;DNK;P-06503;10;11;0;1H;0;0
G-1243;1986;M-1986-24;T-21;Denmark;DNK;P-06503;10;67;0;2H;0;0
G-1244;1986;M-1986-24;T-21;Denmark;DNK;P-06503;10;80;0;2H;0;0
G-1245;1986;M-1986-24;T-21;Denmark;DNK;P-01480;6;41;0;1H;0;0
G-1246;1986;M-1986-24;T-21;Denmark;DNK;P-00374;11;52;0;2H;0;0
G-1247;1986;M-1986-24;T-21;Denmark;DNK;P-06084;8;88;0;2H;0;0
G-1248;1986;M-1986-24;T-80;Uruguay;URY;P-05131;10;45;0;1H;0;1
G-1249;1986;M-1986-25;T-28;France;FRA;P-09124;19;29;0;1H;0;0
G-1250;1986;M-1986-25;T-28;France;FRA;P-06060;14;62;0;2H;0;0
G-1251;1986;M-1986-25;T-28;France;FRA;P-00360;18;84;0;2H;0;0
G-1252;1986;M-1986-26;T-69;Soviet Union;SUN;P-01271;11;58;0;2H;0;0
G-1253;1986;M-1986-26;T-69;Soviet Union;SUN;P-00690;9;74;0;2H;0;0
G-1254;1986;M-1986-27;T-03;Argentina;ARG;P-04626;11;4;0;1H;0;0
G-1255;1986;M-1986-27;T-03;Argentina;ARG;P-02255;7;77;0;2H;0;0
G-1256;1986;M-1986-28;T-68;South Korea;KOR;P-09860;9;62;0;2H;0;0
G-1257;1986;M-1986-28;T-68;South Korea;KOR;P-04395;17;83;0;2H;0;0
G-1258;1986;M-1986-28;T-39;Italy;ITA;P-09627;18;17;0;1H;0;0
G-1259;1986;M-1986-28;T-39;Italy;ITA;P-09627;18;73;0;2H;0;0
G-1260;1986;M-1986-28;T-39;Italy;ITA;P-05109;4;82;0;2H;1;0
G-1261;1986;M-1986-29;T-44;Mexico;MEX;P-07688;3;54;0;2H;0;0
G-1262;1986;M-1986-30;T-53;Paraguay;PRY;P-05454;9;50;0;2H;0;0
G-1263;1986;M-1986-30;T-53;Paraguay;PRY;P-05454;9;76;0;2H;0;0
G-1264;1986;M-1986-30;T-06;Belgium;BEL;P-04825;6;30;0;1H;0;0
G-1265;1986;M-1986-30;T-06;Belgium;BEL;P-04306;18;59;0;2H;0;0
G-1266;1986;M-1986-31;T-27;England;ENG;P-02777;10;9;0;1H;0;0
G-1267;1986;M-1986-31;T-27;England;ENG;P-02777;10;14;0;1H;0;0
G-1268;1986;M-1986-31;T-27;England;ENG;P-02777;10;34;0;1H;0;0
G-1269;1986;M-1986-32;T-56;Portugal;PRT;P-00542;17;80;0;2H;0;0
G-1270;1986;M-1986-32;T-45;Morocco;MAR;P-00451;17;19;0;1H;0;0
G-1271;1986;M-1986-32;T-45;Morocco;MAR;P-00451;17;26;0;1H;0;0
G-1272;1986;M-1986-32;T-45;Morocco;MAR;P-00635;9;62;0;2H;0;0
G-1273;1986;M-1986-33;T-70;Spain;ESP;P-00147;18;15;0;1H;0;0
G-1274;1986;M-1986-33;T-70;Spain;ESP;P-00147;18;68;0;2H;0;0
G-1275;1986;M-1986-33;T-70;Spain;ESP;P-06389;20;70;0;2H;0;0
G-1276;1986;M-1986-34;T-09;Brazil;BRA;P-08699;9;15;0;1H;0;0
G-1277;1986;M-1986-34;T-09;Brazil;BRA;P-08699;9;87;0;2H;0;0
G-1278;1986;M-1986-34;T-09;Brazil;BRA;P-03280;13;42;0;1H;0;0
G-1279;1986;M-1986-35;T-21;Denmark;DNK;P-06084;8;43;0;1H;0;1
G-1280;1986;M-1986-35;T-21;Denmark;DNK;P-08203;19;62;0;2H;0;0
G-1281;1986;M-1986-37;T-44;Mexico;MEX;P-08533;22;34;0;1H;0;0
G-1282;1986;M-1986-37;T-44;Mexico;MEX;P-05997;17;61;0;2H;0;0
G-1283;1986;M-1986-38;T-69;Soviet Union;SUN;P-09401;19;27;0;1H;0;0
G-1284;1986;M-1986-38;T-69;Soviet Union;SUN;P-09401;19;70;0;2H;0;0
G-1285;1986;M-1986-38;T-69;Soviet Union;SUN;P-09401;19;111;0;ET, 2H;0;1
G-1286;1986;M-1986-38;T-06;Belgium;BEL;P-00872;8;56;0;2H;0;0
G-1287;1986;M-1986-38;T-06;Belgium;BEL;P-06479;11;77;0;2H;0;0
G-1288;1986;M-1986-38;T-06;Belgium;BEL;P-04095;21;102;0;ET, 1H;0;0
G-1289;1986;M-1986-38;T-06;Belgium;BEL;P-03746;16;110;0;ET, 2H;0;0
G-1290;1986;M-1986-39;T-09;Brazil;BRA;P-03716;18;30;0;1H;0;1
G-1291;1986;M-1986-39;T-09;Brazil;BRA;P-03280;13;55;0;2H;0;0
G-1292;1986;M-1986-39;T-09;Brazil;BRA;P-06803;4;79;0;2H;0;0
G-1293;1986;M-1986-39;T-09;Brazil;BRA;P-08699;9;83;0;2H;0;1
G-1294;1986;M-1986-40;T-03;Argentina;ARG;P-02566;17;42;0;1H;0;0
G-1295;1986;M-1986-41;T-28;France;FRA;P-07530;10;15;0;1H;0;0
G-1296;1986;M-1986-41;T-28;France;FRA;P-09124;19;57;0;2H;0;0
G-1297;1986;M-1986-42;T-82;West Germany;DEU;P-01993;8;87;0;2H;0;0
G-1298;1986;M-1986-43;T-27;England;ENG;P-02777;10;31;0;1H;0;0
G-1299;1986;M-1986-43;T-27;England;ENG;P-02777;10;73;0;2H;0;0
G-1300;1986;M-1986-43;T-27;England;ENG;P-09395;20;56;0;2H;0;0
G-1301;1986;M-1986-44;T-21;Denmark;DNK;P-06084;8;33;0;1H;0;1
G-1302;1986;M-1986-44;T-70;Spain;ESP;P-07608;9;43;0;1H;0;0
G-1303;1986;M-1986-44;T-70;Spain;ESP;P-07608;9;56;0;2H;0;0
G-1304;1986;M-1986-44;T-70;Spain;ESP;P-07608;9;80;0;2H;0;0
G-1305;1986;M-1986-44;T-70;Spain;ESP;P-07608;9;88;0;2H;0;1
G-1306;1986;M-1986-44;T-70;Spain;ESP;P-00057;8;68;0;2H;0;1
G-1307;1986;M-1986-45;T-09;Brazil;BRA;P-08699;9;17;0;1H;0;0
G-1308;1986;M-1986-45;T-28;France;FRA;P-07530;10;40;0;1H;0;0
G-1309;1986;M-1986-47;T-03;Argentina;ARG;P-06516;10;51;0;2H;0;0
G-1310;1986;M-1986-47;T-03;Argentina;ARG;P-06516;10;55;0;2H;0;0
G-1311;1986;M-1986-47;T-27;England;ENG;P-02777;10;81;0;2H;0;0
G-1312;1986;M-1986-48;T-70;Spain;ESP;P-07721;7;85;0;2H;0;0
G-1313;1986;M-1986-48;T-06;Belgium;BEL;P-06479;11;35;0;1H;0;0
G-1314;1986;M-1986-49;T-82;West Germany;DEU;P-07217;3;9;0;1H;0;0
G-1315;1986;M-1986-49;T-82;West Germany;DEU;P-07240;9;90;0;2H;0;0
G-1316;1986;M-1986-50;T-03;Argentina;ARG;P-06516;10;51;0;2H;0;0
G-1317;1986;M-1986-50;T-03;Argentina;ARG;P-06516;10;63;0;2H;0;0
G-1318;1986;M-1986-51;T-06;Belgium;BEL;P-06479;11;11;0;1H;0;0
G-1319;1986;M-1986-51;T-06;Belgium;BEL;P-03746;16;73;0;2H;0;0
G-1320;1986;M-1986-51;T-28;France;FRA;P-00076;11;27;0;1H;0;0
G-1321;1986;M-1986-51;T-28;France;FRA;P-03112;17;43;0;1H;0;0
G-1322;1986;M-1986-51;T-28;France;FRA;P-08166;13;104;0;ET, 1H;0;0
G-1323;1986;M-1986-51;T-28;France;FRA;P-09137;2;111;0;ET, 2H;0;1
G-1324;1986;M-1986-52;T-03;Argentina;ARG;P-07908;5;23;0;1H;0;0
G-1325;1986;M-1986-52;T-03;Argentina;ARG;P-04626;11;56;0;2H;0;0
G-1326;1986;M-1986-52;T-03;Argentina;ARG;P-02255;7;84;0;2H;0;0
G-1327;1986;M-1986-52;T-82;West Germany;DEU;P-08975;11;74;0;2H;0;0
G-1328;1986;M-1986-52;T-82;West Germany;DEU;P-07240;9;81;0;2H;0;0
G-1329;1990;M-1990-01;T-11;Cameroon;CMR;P-06096;7;67;0;2H;0;0
G-1330;1990;M-1990-02;T-58;Romania;ROU;P-06156;7;41;0;1H;0;0
G-1331;1990;M-1990-02;T-58;Romania;ROU;P-06156;7;55;0;2H;0;1
G-1332;1990;M-1990-03;T-15;Colombia;COL;P-09990;11;50;0;2H;0;0
G-1333;1990;M-1990-03;T-15;Colombia;COL;P-09690;10;85;0;2H;0;0
G-1334;1990;M-1990-04;T-39;Italy;ITA;P-04373;19;78;0;2H;0;0
G-1335;1990;M-1990-05;T-79;United States;USA;P-09775;20;60;0;2H;0;0
G-1336;1990;M-1990-05;T-20;Czechoslovakia;CSK;P-03413;10;26;0;1H;0;0
G-1337;1990;M-1990-05;T-20;Czechoslovakia;CSK;P-03413;10;78;0;2H;0;0
G-1338;1990;M-1990-05;T-20;Czechoslovakia;CSK;P-01478;7;40;0;1H;0;1
G-1339;1990;M-1990-05;T-20;Czechoslovakia;CSK;P-00477;4;50;0;2H;0;0
G-1340;1990;M-1990-05;T-20;Czechoslovakia;CSK;P-04944;18;90;3;2H, AM;0;0
G-1341;1990;M-1990-06;T-09;Brazil;BRA;P-08699;9;40;0;1H;0;0
G-1342;1990;M-1990-06;T-09;Brazil;BRA;P-08699;9;63;0;2H;0;0
G-1343;1990;M-1990-06;T-71;Sweden;SWE;P-08571;17;79;0;2H;0;0
G-1344;1990;M-1990-07;T-82;West Germany;DEU;P-01993;10;28;0;1H;0;0
G-1345;1990;M-1990-07;T-82;West Germany;DEU;P-01993;10;64;0;2H;0;0
G-1346;1990;M-1990-07;T-82;West Germany;DEU;P-00876;18;39;0;1H;0;0
G-1347;1990;M-1990-07;T-82;West Germany;DEU;P-07240;9;70;0;2H;0;0
G-1348;1990;M-1990-07;T-83;Yugoslavia;YUG;P-00028;6;55;0;2H;0;0
G-1349;1990;M-1990-08;T-16;Costa Rica;CRI;P-02592;14;49;0;2H;0;0
G-1350;1990;M-1990-09;T-27;England;ENG;P-02777;10;9;0;1H;0;0
G-1351;1990;M-1990-09;T-57;Republic of Ireland;IRL;P-02909;11;73;0;2H;0;0
G-1352;1990;M-1990-10;T-06;Belgium;BEL;P-08937;9;53;0;2H;0;0
G-1353;1990;M-1990-10;T-06;Belgium;BEL;P-06910;16;64;0;2H;0;0
G-1354;1990;M-1990-11;T-46;Netherlands;NLD;P-07027;12;58;0;2H;0;0
G-1355;1990;M-1990-11;T-25;Egypt;EGY;P-02311;8;83;0;2H;0;1
G-1356;1990;M-1990-13;T-03;Argentina;ARG;P-04319;21;27;0;1H;0;0
G-1357;1990;M-1990-13;T-03;Argentina;ARG;P-02255;7;79;0;2H;0;0
G-1358;1990;M-1990-14;T-11;Cameroon;CMR;P-00994;9;76;0;2H;0;0
G-1359;1990;M-1990-14;T-11;Cameroon;CMR;P-00994;9;86;0;2H;0;0
G-1360;1990;M-1990-14;T-58;Romania;ROU;P-06996;18;88;0;2H;0;0
G-1361;1990;M-1990-15;T-83;Yugoslavia;YUG;P-00028;6;75;0;2H;0;0
G-1362;1990;M-1990-16;T-39;Italy;ITA;P-00342;13;11;0;1H;0;0
G-1363;1990;M-1990-17;T-20;Czechoslovakia;CSK;P-01478;7;31;0;1H;0;1
G-1364;1990;M-1990-18;T-82;West Germany;DEU;P-07240;9;35;0;1H;0;0
G-1365;1990;M-1990-18;T-82;West Germany;DEU;P-07240;9;75;0;2H;0;0
G-1366;1990;M-1990-18;T-82;West Germany;DEU;P-00876;18;37;0;1H;0;0
G-1367;1990;M-1990-18;T-82;West Germany;DEU;P-01993;10;47;0;2H;0;0
G-1368;1990;M-1990-18;T-82;West Germany;DEU;P-04182;15;58;0;2H;0;0
G-1369;1990;M-1990-18;T-78;United Arab Emirates;ARE;P-00430;8;46;0;2H;0;0
G-1370;1990;M-1990-19;T-09;Brazil;BRA;P-06344;15;33;0;1H;0;0
G-1371;1990;M-1990-20;T-71;Sweden;SWE;P-04680;15;86;0;2H;0;0
G-1372;1990;M-1990-20;T-61;Scotland;SCO;P-09470;16;11;0;1H;0;0
G-1373;1990;M-1990-20;T-61;Scotland;SCO;P-06229;7;81;0;2H;0;1
G-1374;1990;M-1990-23;T-06;Belgium;BEL;P-04743;4;15;0;1H;0;0
G-1375;1990;M-1990-23;T-06;Belgium;BEL;P-00872;10;24;0;1H;0;0
G-1376;1990;M-1990-23;T-06;Belgium;BEL;P-06479;11;47;0;2H;0;0
G-1377;1990;M-1990-23;T-80;Uruguay;URY;P-03953;16;73;0;2H;0;0
G-1378;1990;M-1990-24;T-68;South Korea;KOR;P-01217;9;43;0;1H;0;0
G-1379;1990;M-1990-24;T-70;Spain;ESP;P-09467;21;23;0;1H;0;0
G-1380;1990;M-1990-24;T-70;Spain;ESP;P-09467;21;61;0;2H;0;0
G-1381;1990;M-1990-24;T-70;Spain;ESP;P-09467;21;81;0;2H;0;0
G-1382;1990;M-1990-25;T-03;Argentina;ARG;P-03820;15;62;0;2H;0;0
G-1383;1990;M-1990-25;T-58;Romania;ROU;P-06996;18;68;0;2H;0;0
G-1384;1990;M-1990-26;T-69;Soviet Union;SUN;P-00672;10;20;0;1H;0;0
G-1385;1990;M-1990-26;T-69;Soviet Union;SUN;P-06356;17;29;0;1H;0;0
G-1386;1990;M-1990-26;T-69;Soviet Union;SUN;P-05899;9;52;0;2H;0;0
G-1387;1990;M-1990-26;T-69;Soviet Union;SUN;P-02461;11;63;0;2H;0;0
G-1388;1990;M-1990-27;T-82;West Germany;DEU;P-05795;7;88;0;2H;0;0
G-1389;1990;M-1990-27;T-15;Colombia;COL;P-01259;19;90;3;2H, AM;0;0
G-1390;1990;M-1990-28;T-83;Yugoslavia;YUG;P-00515;8;5;0;1H;0;0
G-1391;1990;M-1990-28;T-83;Yugoslavia;YUG;P-00173;9;9;0;1H;0;0
G-1392;1990;M-1990-28;T-83;Yugoslavia;YUG;P-00173;9;46;0;2H;0;0
G-1393;1990;M-1990-28;T-83;Yugoslavia;YUG;P-07639;15;90;3;2H, AM;0;0
G-1394;1990;M-1990-28;T-78;United Arab Emirates;ARE;P-00681;3;22;0;1H;0;0
G-1395;1990;M-1990-29;T-05;Austria;AUT;P-06394;13;49;0;2H;0;0
G-1396;1990;M-1990-29;T-05;Austria;AUT;P-02693;14;63;0;2H;0;0
G-1397;1990;M-1990-29;T-79;United States;USA;P-04019;16;83;0;2H;0;0
G-1398;1990;M-1990-30;T-39;Italy;ITA;P-04373;19;9;0;1H;0;0
G-1399;1990;M-1990-30;T-39;Italy;ITA;P-09078;15;78;0;2H;0;0
G-1400;1990;M-1990-31;T-09;Brazil;BRA;P-06344;15;81;0;2H;0;0
G-1401;1990;M-1990-32;T-71;Sweden;SWE;P-00626;18;32;0;1H;0;0
G-1402;1990;M-1990-32;T-16;Costa Rica;CRI;P-05083;3;75;0;2H;0;0
G-1403;1990;M-1990-32;T-16;Costa Rica;CRI;P-03497;7;87;0;2H;0;0
G-1404;1990;M-1990-33;T-06;Belgium;BEL;P-06386;22;29;0;1H;0;0
G-1405;1990;M-1990-33;T-70;Spain;ESP;P-09467;21;26;0;1H;0;1
G-1406;1990;M-1990-33;T-70;Spain;ESP;P-03446;14;38;0;1H;0;0
G-1407;1990;M-1990-34;T-80;Uruguay;URY;P-04782;19;90;1;2H, AM;0;0
G-1408;1990;M-1990-35;T-27;England;ENG;P-04703;14;58;0;2H;0;0
G-1409;1990;M-1990-36;T-57;Republic of Ireland;IRL;P-03909;17;71;0;2H;0;0
G-1410;1990;M-1990-36;T-46;Netherlands;NLD;P-01963;10;11;0;1H;0;0
G-1411;1990;M-1990-37;T-11;Cameroon;CMR;P-00994;9;106;0;ET, 2H;0;0
G-1412;1990;M-1990-37;T-11;Cameroon;CMR;P-00994;9;108;0;ET, 2H;0;0
G-1413;1990;M-1990-37;T-15;Colombia;COL;P-09990;11;115;0;ET, 2H;0;0
G-1414;1990;M-1990-38;T-20;Czechoslovakia;CSK;P-03413;10;12;0;1H;0;0
G-1415;1990;M-1990-38;T-20;Czechoslovakia;CSK;P-03413;10;63;0;2H;0;0
G-1416;1990;M-1990-38;T-20;Czechoslovakia;CSK;P-03413;10;82;0;2H;0;0
G-1417;1990;M-1990-38;T-20;Czechoslovakia;CSK;P-04880;9;76;0;2H;0;0
G-1418;1990;M-1990-38;T-16;Costa Rica;CRI;P-09278;4;55;0;2H;0;0
G-1419;1990;M-1990-39;T-03;Argentina;ARG;P-00913;8;81;0;2H;0;0
G-1420;1990;M-1990-40;T-82;West Germany;DEU;P-00876;18;51;0;2H;0;0
G-1421;1990;M-1990-40;T-82;West Germany;DEU;P-07217;3;85;0;2H;0;0
G-1422;1990;M-1990-40;T-46;Netherlands;NLD;P-06355;4;89;0;2H;0;1
G-1423;1990;M-1990-42;T-39;Italy;ITA;P-04373;19;65;0;2H;0;0
G-1424;1990;M-1990-42;T-39;Italy;ITA;P-03691;20;83;0;2H;0;0
G-1425;1990;M-1990-43;T-70;Spain;ESP;P-08552;19;84;0;2H;0;0
G-1426;1990;M-1990-43;T-83;Yugoslavia;YUG;P-07957;10;78;0;2H;0;0
G-1427;1990;M-1990-43;T-83;Yugoslavia;YUG;P-07957;10;93;0;ET, 1H;0;0
G-1428;1990;M-1990-44;T-27;England;ENG;P-04953;17;119;0;ET, 2H;0;0
G-1429;1990;M-1990-46;T-39;Italy;ITA;P-04373;19;38;0;1H;0;0
G-1430;1990;M-1990-47;T-82;West Germany;DEU;P-01993;10;25;0;1H;0;1
G-1431;1990;M-1990-48;T-11;Cameroon;CMR;P-04297;6;61;0;2H;0;1
G-1432;1990;M-1990-48;T-11;Cameroon;CMR;P-08130;11;65;0;2H;0;0
G-1433;1990;M-1990-48;T-27;England;ENG;P-04953;17;25;0;1H;0;0
G-1434;1990;M-1990-48;T-27;England;ENG;P-02777;10;83;0;2H;0;1
G-1435;1990;M-1990-48;T-27;England;ENG;P-02777;10;105;0;ET, 1H;0;1
G-1436;1990;M-1990-49;T-03;Argentina;ARG;P-00913;8;67;0;2H;0;0
G-1437;1990;M-1990-49;T-39;Italy;ITA;P-04373;19;17;0;1H;0;0
G-1438;1990;M-1990-50;T-82;West Germany;DEU;P-07217;3;60;0;2H;0;0
G-1439;1990;M-1990-50;T-27;England;ENG;P-02777;10;80;0;2H;0;0
G-1440;1990;M-1990-51;T-39;Italy;ITA;P-09078;15;71;0;2H;0;0
G-1441;1990;M-1990-51;T-39;Italy;ITA;P-04373;19;86;0;2H;0;1
G-1442;1990;M-1990-51;T-27;England;ENG;P-04953;17;81;0;2H;0;0
G-1443;1990;M-1990-52;T-82;West Germany;DEU;P-07217;3;85;0;2H;0;1
G-1444;1994;M-1994-01;T-29;Germany;DEU;P-00876;18;61;0;2H;0;0
G-1445;1994;M-1994-02;T-70;Spain;ESP;P-08552;19;51;0;2H;0;0
G-1446;1994;M-1994-02;T-70;Spain;ESP;P-02351;7;55;0;2H;0;0
G-1447;1994;M-1994-02;T-68;South Korea;KOR;P-04298;20;85;0;2H;0;0
G-1448;1994;M-1994-02;T-68;South Korea;KOR;P-03315;11;90;0;2H;0;0
G-1449;1994;M-1994-03;T-79;United States;USA;P-08398;11;44;0;1H;0;0
G-1450;1994;M-1994-03;T-72;Switzerland;CHE;P-07528;6;39;0;1H;0;0
G-1451;1994;M-1994-04;T-57;Republic of Ireland;IRL;P-08181;8;11;0;1H;0;0
G-1452;1994;M-1994-05;T-15;Colombia;COL;P-04004;11;43;0;1H;0;0
G-1453;1994;M-1994-05;T-58;Romania;ROU;P-08747;9;15;0;1H;0;0
G-1454;1994;M-1994-05;T-58;Romania;ROU;P-08747;9;89;0;2H;0;0
G-1455;1994;M-1994-05;T-58;Romania;ROU;P-09707;10;34;0;1H;0;0
G-1456;1994;M-1994-06;T-06;Belgium;BEL;P-08937;9;11;0;1H;0;0
G-1457;1994;M-1994-07;T-51;Norway;NOR;P-09932;10;84;0;2H;0;0
G-1458;1994;M-1994-08;T-11;Cameroon;CMR;P-04400;19;31;0;1H;0;0
G-1459;1994;M-1994-08;T-11;Cameroon;CMR;P-06096;7;47;0;2H;0;0
G-1460;1994;M-1994-08;T-71;Sweden;SWE;P-01787;5;8;0;1H;0;0
G-1461;1994;M-1994-08;T-71;Sweden;SWE;P-08681;10;75;0;2H;0;0
G-1462;1994;M-1994-09;T-09;Brazil;BRA;P-07489;11;26;0;1H;0;0
G-1463;1994;M-1994-09;T-09;Brazil;BRA;P-05168;10;52;0;2H;0;1
G-1464;1994;M-1994-10;T-46;Netherlands;NLD;P-01867;8;50;0;2H;0;0
G-1465;1994;M-1994-10;T-46;Netherlands;NLD;P-02882;17;86;0;2H;0;0
G-1466;1994;M-1994-10;T-60;Saudi Arabia;SAU;P-00361;6;18;0;1H;0;0
G-1467;1994;M-1994-11;T-03;Argentina;ARG;P-05392;9;2;0;1H;0;0
G-1468;1994;M-1994-11;T-03;Argentina;ARG;P-05392;9;44;0;1H;0;0
G-1469;1994;M-1994-11;T-03;Argentina;ARG;P-05392;9;90;0;2H;0;1
G-1470;1994;M-1994-11;T-03;Argentina;ARG;P-06516;10;60;0;2H;0;0
G-1471;1994;M-1994-12;T-29;Germany;DEU;P-00876;18;48;0;2H;0;0
G-1472;1994;M-1994-12;T-70;Spain;ESP;P-02351;7;14;0;1H;0;0
G-1473;1994;M-1994-13;T-48;Nigeria;NGA;P-05689;9;21;0;1H;0;0
G-1474;1994;M-1994-13;T-48;Nigeria;NGA;P-09026;14;43;0;1H;0;0
G-1475;1994;M-1994-13;T-48;Nigeria;NGA;P-06735;11;55;0;2H;0;0
G-1476;1994;M-1994-14;T-58;Romania;ROU;P-09707;10;35;0;1H;0;0
G-1477;1994;M-1994-14;T-72;Switzerland;CHE;P-03453;7;16;0;1H;0;0
G-1478;1994;M-1994-14;T-72;Switzerland;CHE;P-02168;11;52;0;2H;0;0
G-1479;1994;M-1994-14;T-72;Switzerland;CHE;P-04434;9;65;0;2H;0;0
G-1480;1994;M-1994-14;T-72;Switzerland;CHE;P-04434;9;72;0;2H;0;0
G-1481;1994;M-1994-15;T-79;United States;USA;P-04862;8;52;0;2H;0;0
G-1482;1994;M-1994-15;T-15;Colombia;COL;P-04004;11;90;0;2H;0;0
G-1483;1994;M-1994-15;T-79;United States;USA;P-07844;2;35;0;1H;1;0
G-1484;1994;M-1994-16;T-39;Italy;ITA;P-00737;13;69;0;2H;0;0
G-1485;1994;M-1994-18;T-44;Mexico;MEX;P-05169;10;42;0;1H;0;0
G-1486;1994;M-1994-18;T-44;Mexico;MEX;P-05169;10;65;0;2H;0;0
G-1487;1994;M-1994-18;T-57;Republic of Ireland;IRL;P-01301;9;84;0;2H;0;0
G-1488;1994;M-1994-19;T-09;Brazil;BRA;P-07489;11;39;0;1H;0;0
G-1489;1994;M-1994-19;T-09;Brazil;BRA;P-03057;15;66;0;2H;0;0
G-1490;1994;M-1994-19;T-09;Brazil;BRA;P-05954;7;73;0;2H;0;0
G-1491;1994;M-1994-20;T-71;Sweden;SWE;P-08571;11;39;0;1H;0;1
G-1492;1994;M-1994-20;T-71;Sweden;SWE;P-08681;10;60;0;2H;0;0
G-1493;1994;M-1994-20;T-71;Sweden;SWE;P-08681;10;82;0;2H;0;0
G-1494;1994;M-1994-20;T-59;Russia;RUS;P-07023;9;4;0;1H;0;1
G-1495;1994;M-1994-21;T-06;Belgium;BEL;P-01953;4;65;0;2H;0;0
G-1496;1994;M-1994-22;T-60;Saudi Arabia;SAU;P-06162;12;7;0;1H;0;1
G-1497;1994;M-1994-22;T-60;Saudi Arabia;SAU;P-00361;6;45;0;1H;0;0
G-1498;1994;M-1994-22;T-45;Morocco;MAR;P-00950;9;26;0;1H;0;0
G-1499;1994;M-1994-23;T-03;Argentina;ARG;P-00913;7;21;0;1H;0;0
G-1500;1994;M-1994-23;T-03;Argentina;ARG;P-00913;7;28;0;1H;0;0
G-1501;1994;M-1994-23;T-48;Nigeria;NGA;P-04543;12;8;0;1H;0;0
G-1502;1994;M-1994-24;T-10;Bulgaria;BGR;P-06855;8;5;0;1H;0;1
G-1503;1994;M-1994-24;T-10;Bulgaria;BGR;P-06855;8;55;0;2H;0;1
G-1504;1994;M-1994-24;T-10;Bulgaria;BGR;P-02865;9;65;0;2H;0;0
G-1505;1994;M-1994-24;T-10;Bulgaria;BGR;P-02203;11;90;0;2H;0;0
G-1506;1994;M-1994-25;T-15;Colombia;COL;P-02397;5;44;0;1H;0;0
G-1507;1994;M-1994-25;T-15;Colombia;COL;P-06845;8;90;0;2H;0;0
G-1508;1994;M-1994-26;T-58;Romania;ROU;P-07321;2;18;0;1H;0;0
G-1509;1994;M-1994-27;T-07;Bolivia;BOL;P-05370;21;67;0;2H;0;0
G-1510;1994;M-1994-27;T-70;Spain;ESP;P-01265;9;19;0;1H;0;1
G-1511;1994;M-1994-27;T-70;Spain;ESP;P-03530;15;66;0;2H;0;0
G-1512;1994;M-1994-27;T-70;Spain;ESP;P-03530;15;70;0;2H;0;0
G-1513;1994;M-1994-28;T-29;Germany;DEU;P-00876;18;12;0;1H;0;0
G-1514;1994;M-1994-28;T-29;Germany;DEU;P-00876;18;37;0;1H;0;0
G-1515;1994;M-1994-28;T-29;Germany;DEU;P-01456;9;20;0;1H;0;0
G-1516;1994;M-1994-28;T-68;South Korea;KOR;P-03321;18;52;0;2H;0;0
G-1517;1994;M-1994-28;T-68;South Korea;KOR;P-04298;20;63;0;2H;0;0
G-1518;1994;M-1994-29;T-39;Italy;ITA;P-03745;19;48;0;2H;0;0
G-1519;1994;M-1994-29;T-44;Mexico;MEX;P-05495;6;57;0;2H;0;0
G-1520;1994;M-1994-31;T-59;Russia;RUS;P-07023;9;15;0;1H;0;0
G-1521;1994;M-1994-31;T-59;Russia;RUS;P-07023;9;41;0;1H;0;0
G-1522;1994;M-1994-31;T-59;Russia;RUS;P-07023;9;44;0;1H;0;1
G-1523;1994;M-1994-31;T-59;Russia;RUS;P-07023;9;72;0;2H;0;0
G-1524;1994;M-1994-31;T-59;Russia;RUS;P-07023;9;75;0;2H;0;0
G-1525;1994;M-1994-31;T-59;Russia;RUS;P-06598;15;81;0;2H;0;0
G-1526;1994;M-1994-31;T-11;Cameroon;CMR;P-00994;9;46;0;2H;0;0
G-1527;1994;M-1994-32;T-09;Brazil;BRA;P-07489;11;47;0;2H;0;0
G-1528;1994;M-1994-32;T-71;Sweden;SWE;P-08602;19;23;0;1H;0;0
G-1529;1994;M-1994-33;T-60;Saudi Arabia;SAU;P-03228;10;5;0;1H;0;0
G-1530;1994;M-1994-34;T-45;Morocco;MAR;P-04206;16;47;0;2H;0;0
G-1531;1994;M-1994-34;T-46;Netherlands;NLD;P-03525;10;43;0;1H;0;0
G-1532;1994;M-1994-34;T-46;Netherlands;NLD;P-05292;11;77;0;2H;0;0
G-1533;1994;M-1994-35;T-10;Bulgaria;BGR;P-06855;8;61;0;2H;0;0
G-1534;1994;M-1994-35;T-10;Bulgaria;BGR;P-06558;10;90;3;2H, AM;0;0
G-1535;1994;M-1994-36;T-48;Nigeria;NGA;P-09840;7;45;2;1H, AM;0;0
G-1536;1994;M-1994-36;T-48;Nigeria;NGA;P-09026;14;90;5;2H, AM;0;0
G-1537;1994;M-1994-37;T-29;Germany;DEU;P-07240;13;6;0;1H;0;0
G-1538;1994;M-1994-37;T-29;Germany;DEU;P-07240;13;38;0;1H;0;0
G-1539;1994;M-1994-37;T-29;Germany;DEU;P-00876;18;11;0;1H;0;0
G-1540;1994;M-1994-37;T-06;Belgium;BEL;P-04248;13;8;0;1H;0;0
G-1541;1994;M-1994-37;T-06;Belgium;BEL;P-01953;4;90;0;2H;0;0
G-1542;1994;M-1994-38;T-70;Spain;ESP;P-01968;6;15;0;1H;0;0
G-1543;1994;M-1994-38;T-70;Spain;ESP;P-00381;21;74;0;2H;0;0
G-1544;1994;M-1994-38;T-70;Spain;ESP;P-09287;11;86;0;2H;0;1
G-1545;1994;M-1994-39;T-60;Saudi Arabia;SAU;P-03557;7;85;0;2H;0;0
G-1546;1994;M-1994-39;T-71;Sweden;SWE;P-08681;10;6;0;1H;0;0
G-1547;1994;M-1994-39;T-71;Sweden;SWE;P-08602;19;51;0;2H;0;0
G-1548;1994;M-1994-39;T-71;Sweden;SWE;P-08602;19;88;0;2H;0;0
G-1549;1994;M-1994-40;T-58;Romania;ROU;P-01078;11;11;0;1H;0;0
G-1550;1994;M-1994-40;T-58;Romania;ROU;P-01078;11;18;0;1H;0;0
G-1551;1994;M-1994-40;T-58;Romania;ROU;P-09707;10;58;0;2H;0;0
G-1552;1994;M-1994-40;T-03;Argentina;ARG;P-05392;9;16;0;1H;0;1
G-1553;1994;M-1994-40;T-03;Argentina;ARG;P-07491;19;75;0;2H;0;0
G-1554;1994;M-1994-41;T-46;Netherlands;NLD;P-03525;10;11;0;1H;0;0
G-1555;1994;M-1994-41;T-46;Netherlands;NLD;P-01867;8;41;0;1H;0;0
G-1556;1994;M-1994-42;T-09;Brazil;BRA;P-05954;7;72;0;2H;0;0
G-1557;1994;M-1994-43;T-48;Nigeria;NGA;P-06735;11;25;0;1H;0;0
G-1558;1994;M-1994-43;T-39;Italy;ITA;P-09078;10;88;0;2H;0;0
G-1559;1994;M-1994-43;T-39;Italy;ITA;P-09078;10;102;0;ET, 1H;0;1
G-1560;1994;M-1994-44;T-44;Mexico;MEX;P-07220;8;18;0;1H;0;1
G-1561;1994;M-1994-44;T-10;Bulgaria;BGR;P-06855;8;6;0;1H;0;0
G-1562;1994;M-1994-45;T-39;Italy;ITA;P-00737;13;25;0;1H;0;0
G-1563;1994;M-1994-45;T-39;Italy;ITA;P-09078;10;88;0;2H;0;0
G-1564;1994;M-1994-45;T-70;Spain;ESP;P-03530;15;58;0;2H;0;0
G-1565;1994;M-1994-46;T-46;Netherlands;NLD;P-03525;10;64;0;2H;0;0
G-1566;1994;M-1994-46;T-46;Netherlands;NLD;P-03306;20;76;0;2H;0;0
G-1567;1994;M-1994-46;T-09;Brazil;BRA;P-07489;11;53;0;2H;0;0
G-1568;1994;M-1994-46;T-09;Brazil;BRA;P-05954;7;63;0;2H;0;0
G-1569;1994;M-1994-46;T-09;Brazil;BRA;P-02338;6;81;0;2H;0;0
G-1570;1994;M-1994-47;T-10;Bulgaria;BGR;P-06855;8;75;0;2H;0;0
G-1571;1994;M-1994-47;T-10;Bulgaria;BGR;P-02865;9;78;0;2H;0;0
G-1572;1994;M-1994-47;T-29;Germany;DEU;P-01993;10;47;0;2H;0;1
G-1573;1994;M-1994-48;T-58;Romania;ROU;P-08747;9;88;0;2H;0;0
G-1574;1994;M-1994-48;T-58;Romania;ROU;P-08747;9;101;0;ET, 1H;0;0
G-1575;1994;M-1994-48;T-71;Sweden;SWE;P-08571;11;78;0;2H;0;0
G-1576;1994;M-1994-48;T-71;Sweden;SWE;P-08602;19;115;0;ET, 2H;0;0
G-1577;1994;M-1994-49;T-10;Bulgaria;BGR;P-06855;8;44;0;1H;0;1
G-1578;1994;M-1994-49;T-39;Italy;ITA;P-09078;10;21;0;1H;0;0
G-1579;1994;M-1994-49;T-39;Italy;ITA;P-09078;10;25;0;1H;0;0
G-1580;1994;M-1994-50;T-09;Brazil;BRA;P-07489;11;80;0;2H;0;0
G-1581;1994;M-1994-51;T-71;Sweden;SWE;P-08571;11;8;0;1H;0;0
G-1582;1994;M-1994-51;T-71;Sweden;SWE;P-02031;18;30;0;1H;0;0
G-1583;1994;M-1994-51;T-71;Sweden;SWE;P-09697;7;37;0;1H;0;0
G-1584;1994;M-1994-51;T-71;Sweden;SWE;P-08602;19;39;0;1H;0;0
G-1585;1998;M-1998-01;T-09;Brazil;BRA;P-05926;5;5;0;1H;0;0
G-1586;1998;M-1998-01;T-61;Scotland;SCO;P-05404;11;38;0;1H;0;1
G-1587;1998;M-1998-01;T-09;Brazil;BRA;P-04230;3;74;0;2H;1;0
G-1588;1998;M-1998-02;T-45;Morocco;MAR;P-02981;7;37;0;1H;0;0
G-1589;1998;M-1998-02;T-45;Morocco;MAR;P-02819;9;60;0;2H;0;0
G-1590;1998;M-1998-02;T-51;Norway;NOR;P-00814;15;61;0;2H;0;0
G-1591;1998;M-1998-02;T-51;Norway;NOR;P-04646;18;45;1;1H, AM;1;0
G-1592;1998;M-1998-03;T-39;Italy;ITA;P-04765;21;10;0;1H;0;0
G-1593;1998;M-1998-03;T-39;Italy;ITA;P-09078;18;84;0;2H;0;1
G-1594;1998;M-1998-03;T-13;Chile;CHL;P-01929;11;45;3;1H, AM;0;0
G-1595;1998;M-1998-03;T-13;Chile;CHL;P-01929;11;50;0;2H;0;0
G-1596;1998;M-1998-04;T-11;Cameroon;CMR;P-01588;6;77;0;2H;0;0
G-1597;1998;M-1998-04;T-05;Austria;AUT;P-01823;19;90;1;2H, AM;0;0
G-1598;1998;M-1998-06;T-21;Denmark;DNK;P-00895;3;69;0;2H;0;0
G-1599;1998;M-1998-07;T-28;France;FRA;P-02083;21;35;0;1H;0;0
G-1600;1998;M-1998-07;T-28;France;FRA;P-06999;12;90;2;2H, AM;0;0
G-1601;1998;M-1998-07;T-28;France;FRA;P-01429;21;77;0;2H;1;0
G-1602;1998;M-1998-08;T-70;Spain;ESP;P-01968;6;21;0;1H;0;0
G-1603;1998;M-1998-08;T-70;Spain;ESP;P-03846;10;47;0;2H;0;0
G-1604;1998;M-1998-08;T-48;Nigeria;NGA;P-07662;8;24;0;1H;0;0
G-1605;1998;M-1998-08;T-48;Nigeria;NGA;P-05660;15;78;0;2H;0;0
G-1606;1998;M-1998-08;T-48;Nigeria;NGA;P-07337;1;73;0;2H;1;0
G-1607;1998;M-1998-09;T-68;South Korea;KOR;P-00989;17;27;0;1H;0;0
G-1608;1998;M-1998-09;T-44;Mexico;MEX;P-09435;9;50;0;2H;0;0
G-1609;1998;M-1998-09;T-44;Mexico;MEX;P-07147;15;75;0;2H;0;0
G-1610;1998;M-1998-09;T-44;Mexico;MEX;P-07147;15;84;0;2H;0;0
G-1611;1998;M-1998-11;T-03;Argentina;ARG;P-05392;9;28;0;1H;0;0
G-1612;1998;M-1998-12;T-83;Yugoslavia;YUG;P-00070;11;73;0;2H;0;0
G-1613;1998;M-1998-13;T-41;Jamaica;JAM;P-07335;16;45;0;1H;0;0
G-1614;1998;M-1998-13;T-17;Croatia;HRV;P-04365;13;27;0;1H;0;0
G-1615;1998;M-1998-13;T-17;Croatia;HRV;P-07639;8;53;0;2H;0;0
G-1616;1998;M-1998-13;T-17;Croatia;HRV;P-04705;9;69;0;2H;0;0
G-1617;1998;M-1998-14;T-27;England;ENG;P-03894;9;42;0;1H;0;0
G-1618;1998;M-1998-14;T-27;England;ENG;P-01721;16;89;0;2H;0;0
G-1619;1998;M-1998-15;T-58;Romania;ROU;P-06071;11;45;1;1H, AM;0;0
G-1620;1998;M-1998-16;T-29;Germany;DEU;P-01057;7;9;0;1H;0;0
G-1621;1998;M-1998-16;T-29;Germany;DEU;P-00876;18;65;0;2H;0;0
G-1622;1998;M-1998-17;T-61;Scotland;SCO;P-05042;8;66;0;2H;0;0
G-1623;1998;M-1998-17;T-51;Norway;NOR;P-09842;17;46;0;2H;0;0
G-1624;1998;M-1998-18;T-09;Brazil;BRA;P-04601;9;9;0;1H;0;0
G-1625;1998;M-1998-18;T-09;Brazil;BRA;P-00008;10;45;2;1H, AM;0;0
G-1626;1998;M-1998-18;T-09;Brazil;BRA;P-05954;20;50;0;2H;0;0
G-1627;1998;M-1998-19;T-13;Chile;CHL;P-01929;11;70;0;2H;0;0
G-1628;1998;M-1998-19;T-05;Austria;AUT;P-07923;9;90;2;2H, AM;0;0
G-1629;1998;M-1998-20;T-39;Italy;ITA;P-07465;14;7;0;1H;0;0
G-1630;1998;M-1998-20;T-39;Italy;ITA;P-04765;21;75;0;2H;0;0
G-1631;1998;M-1998-20;T-39;Italy;ITA;P-04765;21;89;0;2H;0;0
G-1632;1998;M-1998-21;T-67;South Africa;ZAF;P-03822;17;51;0;2H;0;0
G-1633;1998;M-1998-21;T-21;Denmark;DNK;P-00539;7;12;0;1H;0;0
G-1634;1998;M-1998-22;T-28;France;FRA;P-06999;12;37;0;1H;0;0
G-1635;1998;M-1998-22;T-28;France;FRA;P-06999;12;78;0;2H;0;0
G-1636;1998;M-1998-22;T-28;France;FRA;P-08637;20;68;0;2H;0;0
G-1637;1998;M-1998-22;T-28;France;FRA;P-04585;3;85;0;2H;0;0
G-1638;1998;M-1998-23;T-48;Nigeria;NGA;P-00644;20;28;0;1H;0;0
G-1639;1998;M-1998-25;T-17;Croatia;HRV;P-04705;9;77;0;2H;0;0
G-1640;1998;M-1998-26;T-06;Belgium;BEL;P-09603;7;42;0;1H;0;0
G-1641;1998;M-1998-26;T-06;Belgium;BEL;P-09603;7;47;0;2H;0;0
G-1642;1998;M-1998-26;T-44;Mexico;MEX;P-07220;8;55;0;2H;0;1
G-1643;1998;M-1998-26;T-44;Mexico;MEX;P-00729;11;62;0;2H;0;0
G-1644;1998;M-1998-27;T-46;Netherlands;NLD;P-03185;11;37;0;1H;0;0
G-1645;1998;M-1998-27;T-46;Netherlands;NLD;P-08704;14;41;0;1H;0;0
G-1646;1998;M-1998-27;T-46;Netherlands;NLD;P-03525;8;71;0;2H;0;0
G-1647;1998;M-1998-27;T-46;Netherlands;NLD;P-09588;17;80;0;2H;0;0
G-1648;1998;M-1998-27;T-46;Netherlands;NLD;P-02207;7;83;0;2H;0;0
G-1649;1998;M-1998-28;T-29;Germany;DEU;P-02379;20;78;0;2H;0;0
G-1650;1998;M-1998-28;T-83;Yugoslavia;YUG;P-02321;9;13;0;1H;0;0
G-1651;1998;M-1998-28;T-83;Yugoslavia;YUG;P-07957;10;52;0;2H;0;0
G-1652;1998;M-1998-28;T-29;Germany;DEU;P-00070;11;72;0;2H;1;0
G-1653;1998;M-1998-29;T-03;Argentina;ARG;P-07622;10;31;0;1H;0;0
G-1654;1998;M-1998-29;T-03;Argentina;ARG;P-07622;10;55;0;2H;0;0
G-1655;1998;M-1998-29;T-03;Argentina;ARG;P-05392;9;73;0;2H;0;0
G-1656;1998;M-1998-29;T-03;Argentina;ARG;P-05392;9;78;0;2H;0;0
G-1657;1998;M-1998-29;T-03;Argentina;ARG;P-05392;9;83;0;2H;0;1
G-1658;1998;M-1998-30;T-79;United States;USA;P-07284;20;87;0;2H;0;0
G-1659;1998;M-1998-30;T-36;Iran;IRN;P-02808;9;40;0;1H;0;0
G-1660;1998;M-1998-30;T-36;Iran;IRN;P-00452;2;84;0;2H;0;0
G-1661;1998;M-1998-31;T-15;Colombia;COL;P-00611;21;82;0;2H;0;0
G-1662;1998;M-1998-32;T-58;Romania;ROU;P-03097;9;46;0;2H;0;0
G-1663;1998;M-1998-32;T-58;Romania;ROU;P-07321;2;90;0;2H;0;0
G-1664;1998;M-1998-32;T-27;England;ENG;P-07705;20;81;0;2H;0;0
G-1665;1998;M-1998-33;T-13;Chile;CHL;P-05313;10;20;0;1H;0;0
G-1666;1998;M-1998-33;T-11;Cameroon;CMR;P-08783;10;56;0;2H;0;0
G-1667;1998;M-1998-34;T-39;Italy;ITA;P-04765;21;48;0;2H;0;0
G-1668;1998;M-1998-34;T-39;Italy;ITA;P-09078;18;90;0;2H;0;0
G-1669;1998;M-1998-34;T-05;Austria;AUT;P-05545;10;90;2;2H, AM;0;1
G-1670;1998;M-1998-35;T-09;Brazil;BRA;P-05954;20;78;0;2H;0;0
G-1671;1998;M-1998-35;T-51;Norway;NOR;P-07402;9;83;0;2H;0;0
G-1672;1998;M-1998-35;T-51;Norway;NOR;P-09932;10;89;0;2H;0;1
G-1673;1998;M-1998-36;T-45;Morocco;MAR;P-06079;14;23;0;1H;0;0
G-1674;1998;M-1998-36;T-45;Morocco;MAR;P-06079;14;85;0;2H;0;0
G-1675;1998;M-1998-36;T-45;Morocco;MAR;P-02819;9;46;0;2H;0;0
G-1676;1998;M-1998-37;T-28;France;FRA;P-01626;6;12;0;1H;0;1
G-1677;1998;M-1998-37;T-28;France;FRA;P-03946;17;56;0;2H;0;0
G-1678;1998;M-1998-37;T-21;Denmark;DNK;P-00374;10;42;0;1H;0;1
G-1679;1998;M-1998-38;T-67;South Africa;ZAF;P-05596;9;18;0;1H;0;0
G-1680;1998;M-1998-38;T-67;South Africa;ZAF;P-05596;9;90;3;2H, AM;0;1
G-1681;1998;M-1998-38;T-60;Saudi Arabia;SAU;P-06162;9;45;2;1H, AM;0;1
G-1682;1998;M-1998-38;T-60;Saudi Arabia;SAU;P-04962;15;74;0;2H;0;1
G-1683;1998;M-1998-39;T-48;Nigeria;NGA;P-03248;18;11;0;1H;0;0
G-1684;1998;M-1998-39;T-53;Paraguay;PRY;P-06151;5;1;0;1H;0;0
G-1685;1998;M-1998-39;T-53;Paraguay;PRY;P-09815;15;58;0;2H;0;0
G-1686;1998;M-1998-39;T-53;Paraguay;PRY;P-08075;9;86;0;2H;0;0
G-1687;1998;M-1998-40;T-70;Spain;ESP;P-01968;6;6;0;1H;0;1
G-1688;1998;M-1998-40;T-70;Spain;ESP;P-00381;21;18;0;1H;0;0
G-1689;1998;M-1998-40;T-70;Spain;ESP;P-01593;7;55;0;2H;0;0
G-1690;1998;M-1998-40;T-70;Spain;ESP;P-01593;7;81;0;2H;0;0
G-1691;1998;M-1998-40;T-70;Spain;ESP;P-04927;19;90;4;2H, AM;0;0
G-1692;1998;M-1998-40;T-10;Bulgaria;BGR;P-01575;7;58;0;2H;0;0
G-1693;1998;M-1998-40;T-70;Spain;ESP;P-00946;19;88;0;2H;1;0
G-1694;1998;M-1998-41;T-06;Belgium;BEL;P-09761;10;7;0;1H;0;0
G-1695;1998;M-1998-41;T-68;South Korea;KOR;P-00084;6;72;0;2H;0;0
G-1696;1998;M-1998-42;T-46;Netherlands;NLD;P-03185;11;4;0;1H;0;0
G-1697;1998;M-1998-42;T-46;Netherlands;NLD;P-02207;7;18;0;1H;0;0
G-1698;1998;M-1998-42;T-44;Mexico;MEX;P-09435;9;75;0;2H;0;0
G-1699;1998;M-1998-42;T-44;Mexico;MEX;P-07147;15;90;4;2H, AM;0;0
G-1700;1998;M-1998-43;T-29;Germany;DEU;P-02379;20;50;0;2H;0;0
G-1701;1998;M-1998-43;T-29;Germany;DEU;P-00876;18;57;0;2H;0;0
G-1702;1998;M-1998-44;T-83;Yugoslavia;YUG;P-03783;13;4;0;1H;0;0
G-1703;1998;M-1998-45;T-03;Argentina;ARG;P-03136;4;36;0;1H;0;0
G-1704;1998;M-1998-46;T-42;Japan;JPN;P-01664;9;74;0;2H;0;0
G-1705;1998;M-1998-46;T-41;Jamaica;JAM;P-09880;11;39;0;1H;0;0
G-1706;1998;M-1998-46;T-41;Jamaica;JAM;P-09880;11;54;0;2H;0;0
G-1707;1998;M-1998-47;T-27;England;ENG;P-05508;14;20;0;1H;0;0
G-1708;1998;M-1998-47;T-27;England;ENG;P-00614;7;29;0;1H;0;0
G-1709;1998;M-1998-48;T-58;Romania;ROU;P-03097;9;71;0;2H;0;0
G-1710;1998;M-1998-48;T-75;Tunisia;TUN;P-01901;15;12;0;1H;0;1
G-1711;1998;M-1998-49;T-39;Italy;ITA;P-04765;21;18;0;1H;0;0
G-1712;1998;M-1998-50;T-09;Brazil;BRA;P-05926;5;11;0;1H;0;0
G-1713;1998;M-1998-50;T-09;Brazil;BRA;P-05926;5;26;0;1H;0;0
G-1714;1998;M-1998-50;T-09;Brazil;BRA;P-04601;9;45;3;1H, AM;0;1
G-1715;1998;M-1998-50;T-09;Brazil;BRA;P-04601;9;72;0;2H;0;0
G-1716;1998;M-1998-50;T-13;Chile;CHL;P-01929;11;70;0;2H;0;0
G-1717;1998;M-1998-51;T-28;France;FRA;P-02125;5;114;0;ET, 2H;0;0
G-1718;1998;M-1998-52;T-48;Nigeria;NGA;P-07547;13;77;0;2H;0;0
G-1719;1998;M-1998-52;T-21;Denmark;DNK;P-06990;18;3;0;1H;0;0
G-1720;1998;M-1998-52;T-21;Denmark;DNK;P-05195;11;12;0;1H;0;0
G-1721;1998;M-1998-52;T-21;Denmark;DNK;P-00508;19;58;0;2H;0;0
G-1722;1998;M-1998-52;T-21;Denmark;DNK;P-03299;6;76;0;2H;0;0
G-1723;1998;M-1998-53;T-29;Germany;DEU;P-00876;18;74;0;2H;0;0
G-1724;1998;M-1998-53;T-29;Germany;DEU;P-02379;20;86;0;2H;0;0
G-1725;1998;M-1998-53;T-44;Mexico;MEX;P-07147;15;47;0;2H;0;0
G-1726;1998;M-1998-54;T-46;Netherlands;NLD;P-03525;8;38;0;1H;0;0
G-1727;1998;M-1998-54;T-46;Netherlands;NLD;P-04071;16;90;2;2H, AM;0;0
G-1728;1998;M-1998-54;T-83;Yugoslavia;YUG;P-03783;13;48;0;2H;0;0
G-1729;1998;M-1998-55;T-17;Croatia;HRV;P-04705;9;45;2;1H, AM;0;1
G-1730;1998;M-1998-56;T-03;Argentina;ARG;P-05392;9;5;0;1H;0;1
G-1731;1998;M-1998-56;T-03;Argentina;ARG;P-00389;22;45;1;1H, AM;0;0
G-1732;1998;M-1998-56;T-27;England;ENG;P-03894;9;9;0;1H;0;1
G-1733;1998;M-1998-56;T-27;England;ENG;P-07705;20;16;0;1H;0;0
G-1734;1998;M-1998-58;T-09;Brazil;BRA;P-05954;20;10;0;1H;0;0
G-1735;1998;M-1998-58;T-09;Brazil;BRA;P-00008;10;25;0;1H;0;0
G-1736;1998;M-1998-58;T-09;Brazil;BRA;P-00008;10;59;0;2H;0;0
G-1737;1998;M-1998-58;T-21;Denmark;DNK;P-05052;21;2;0;1H;0;0
G-1738;1998;M-1998-58;T-21;Denmark;DNK;P-05195;11;50;0;2H;0;0
G-1739;1998;M-1998-59;T-46;Netherlands;NLD;P-05316;9;12;0;1H;0;0
G-1740;1998;M-1998-59;T-46;Netherlands;NLD;P-03525;8;90;0;2H;0;0
G-1741;1998;M-1998-59;T-03;Argentina;ARG;P-05333;7;17;0;1H;0;0
G-1742;1998;M-1998-60;T-17;Croatia;HRV;P-08556;17;45;3;1H, AM;0;0
G-1743;1998;M-1998-60;T-17;Croatia;HRV;P-09155;19;80;0;2H;0;0
G-1744;1998;M-1998-60;T-17;Croatia;HRV;P-04705;9;85;0;2H;0;0
G-1745;1998;M-1998-61;T-09;Brazil;BRA;P-04601;9;46;0;2H;0;0
G-1746;1998;M-1998-61;T-46;Netherlands;NLD;P-05316;9;87;0;2H;0;0
G-1747;1998;M-1998-62;T-28;France;FRA;P-01770;15;47;0;2H;0;0
G-1748;1998;M-1998-62;T-28;France;FRA;P-01770;15;70;0;2H;0;0
G-1749;1998;M-1998-62;T-17;Croatia;HRV;P-04705;9;46;0;2H;0;0
G-1750;1998;M-1998-63;T-46;Netherlands;NLD;P-09656;12;22;0;1H;0;0
G-1751;1998;M-1998-63;T-17;Croatia;HRV;P-07639;8;14;0;1H;0;0
G-1752;1998;M-1998-63;T-17;Croatia;HRV;P-04705;9;36;0;1H;0;0
G-1753;1998;M-1998-64;T-28;France;FRA;P-03582;10;27;0;1H;0;0
G-1754;1998;M-1998-64;T-28;France;FRA;P-03582;10;45;1;1H, AM;0;0
G-1755;1998;M-1998-64;T-28;France;FRA;P-03946;17;90;3;2H, AM;0;0
G-1756;2002;M-2002-01;T-62;Senegal;SEN;P-04667;19;30;0;1H;0;0
G-1757;2002;M-2002-02;T-57;Republic of Ireland;IRL;P-09369;8;52;0;2H;0;0
G-1758;2002;M-2002-02;T-11;Cameroon;CMR;P-08783;10;39;0;1H;0;0
G-1759;2002;M-2002-03;T-80;Uruguay;URY;P-07901;6;47;0;2H;0;0
G-1760;2002;M-2002-03;T-21;Denmark;DNK;P-09841;9;45;0;1H;0;0
G-1761;2002;M-2002-03;T-21;Denmark;DNK;P-09841;9;83;0;2H;0;0
G-1762;2002;M-2002-04;T-29;Germany;DEU;P-05239;11;20;0;1H;0;0
G-1763;2002;M-2002-04;T-29;Germany;DEU;P-05239;11;25;0;1H;0;0
G-1764;2002;M-2002-04;T-29;Germany;DEU;P-05239;11;70;0;2H;0;0
G-1765;2002;M-2002-04;T-29;Germany;DEU;P-05827;13;40;0;1H;0;0
G-1766;2002;M-2002-04;T-29;Germany;DEU;P-04884;9;45;1;1H, AM;0;0
G-1767;2002;M-2002-04;T-29;Germany;DEU;P-04627;2;73;0;2H;0;0
G-1768;2002;M-2002-04;T-29;Germany;DEU;P-02379;20;84;0;2H;0;0
G-1769;2002;M-2002-04;T-29;Germany;DEU;P-00685;19;90;1;2H, AM;0;0
G-1770;2002;M-2002-05;T-03;Argentina;ARG;P-05392;9;63;0;2H;0;0
G-1771;2002;M-2002-06;T-53;Paraguay;PRY;P-08379;9;39;0;1H;0;0
G-1772;2002;M-2002-06;T-53;Paraguay;PRY;P-06905;2;55;0;2H;0;0
G-1773;2002;M-2002-06;T-67;South Africa;ZAF;P-00956;12;63;0;2H;0;0
G-1774;2002;M-2002-06;T-67;South Africa;ZAF;P-07915;7;90;1;2H, AM;0;1
G-1775;2002;M-2002-07;T-27;England;ENG;P-06823;6;24;0;1H;0;0
G-1776;2002;M-2002-07;T-71;Sweden;SWE;P-06807;7;59;0;2H;0;0
G-1777;2002;M-2002-08;T-70;Spain;ESP;P-03846;7;44;0;1H;0;0
G-1778;2002;M-2002-08;T-70;Spain;ESP;P-07091;17;74;0;2H;0;0
G-1779;2002;M-2002-08;T-70;Spain;ESP;P-01968;6;87;0;2H;0;1
G-1780;2002;M-2002-08;T-66;Slovenia;SVN;P-04235;21;82;0;2H;0;0
G-1781;2002;M-2002-09;T-44;Mexico;MEX;P-00729;10;60;0;2H;0;1
G-1782;2002;M-2002-10;T-09;Brazil;BRA;P-04601;9;50;0;2H;0;0
G-1783;2002;M-2002-10;T-09;Brazil;BRA;P-00008;10;87;0;2H;0;1
G-1784;2002;M-2002-10;T-76;Turkey;TUR;P-01357;11;45;2;1H, AM;0;0
G-1785;2002;M-2002-11;T-39;Italy;ITA;P-04765;21;7;0;1H;0;0
G-1786;2002;M-2002-11;T-39;Italy;ITA;P-04765;21;27;0;1H;0;0
G-1787;2002;M-2002-12;T-16;Costa Rica;CRI;P-06595;11;61;0;2H;0;0
G-1788;2002;M-2002-12;T-16;Costa Rica;CRI;P-07323;4;65;0;2H;0;0
G-1789;2002;M-2002-13;T-42;Japan;JPN;P-04499;11;59;0;2H;0;0
G-1790;2002;M-2002-13;T-42;Japan;JPN;P-03800;5;67;0;2H;0;0
G-1791;2002;M-2002-13;T-06;Belgium;BEL;P-09603;7;57;0;2H;0;0
G-1792;2002;M-2002-13;T-06;Belgium;BEL;P-04459;12;75;0;2H;0;0
G-1793;2002;M-2002-14;T-68;South Korea;KOR;P-03321;18;26;0;1H;0;0
G-1794;2002;M-2002-14;T-68;South Korea;KOR;P-00084;6;53;0;2H;0;0
G-1795;2002;M-2002-15;T-59;Russia;RUS;P-04915;9;59;0;2H;0;0
G-1796;2002;M-2002-15;T-59;Russia;RUS;P-02414;8;64;0;2H;0;1
G-1797;2002;M-2002-16;T-79;United States;USA;P-09538;5;4;0;1H;0;0
G-1798;2002;M-2002-16;T-79;United States;USA;P-07284;20;36;0;1H;0;0
G-1799;2002;M-2002-16;T-56;Portugal;PRT;P-09821;22;39;0;1H;0;0
G-1800;2002;M-2002-16;T-79;United States;USA;P-04027;2;29;0;1H;1;0
G-1801;2002;M-2002-16;T-56;Portugal;PRT;P-07349;12;71;0;2H;1;0
G-1802;2002;M-2002-17;T-29;Germany;DEU;P-05239;11;19;0;1H;0;0
G-1803;2002;M-2002-17;T-57;Republic of Ireland;IRL;P-08628;10;90;2;2H, AM;0;0
G-1804;2002;M-2002-18;T-21;Denmark;DNK;P-09841;9;16;0;1H;0;1
G-1805;2002;M-2002-18;T-62;Senegal;SEN;P-04383;15;52;0;2H;0;0
G-1806;2002;M-2002-19;T-11;Cameroon;CMR;P-03935;9;66;0;2H;0;0
G-1807;2002;M-2002-21;T-71;Sweden;SWE;P-09697;11;35;0;1H;0;0
G-1808;2002;M-2002-21;T-71;Sweden;SWE;P-09697;11;63;0;2H;0;1
G-1809;2002;M-2002-21;T-48;Nigeria;NGA;P-04240;17;27;0;1H;0;0
G-1810;2002;M-2002-22;T-70;Spain;ESP;P-01593;9;53;0;2H;0;0
G-1811;2002;M-2002-22;T-70;Spain;ESP;P-01593;9;69;0;2H;0;0
G-1812;2002;M-2002-22;T-70;Spain;ESP;P-01968;6;83;0;2H;0;1
G-1813;2002;M-2002-22;T-53;Paraguay;PRY;P-00568;5;10;0;1H;1;0
G-1814;2002;M-2002-23;T-27;England;ENG;P-00614;7;44;0;1H;0;1
G-1815;2002;M-2002-24;T-67;South Africa;ZAF;P-05537;14;4;0;1H;0;0
G-1816;2002;M-2002-25;T-39;Italy;ITA;P-04765;21;55;0;2H;0;0
G-1817;2002;M-2002-25;T-17;Croatia;HRV;P-08876;18;73;0;2H;0;0
G-1818;2002;M-2002-25;T-17;Croatia;HRV;P-05098;5;76;0;2H;0;0
G-1819;2002;M-2002-26;T-09;Brazil;BRA;P-06808;6;15;0;1H;0;0
G-1820;2002;M-2002-26;T-09;Brazil;BRA;P-00008;10;32;0;1H;0;0
G-1821;2002;M-2002-26;T-09;Brazil;BRA;P-09952;11;45;0;1H;0;1
G-1822;2002;M-2002-26;T-09;Brazil;BRA;P-04601;9;55;0;2H;0;0
G-1823;2002;M-2002-27;T-44;Mexico;MEX;P-09320;9;28;0;1H;0;0
G-1824;2002;M-2002-27;T-44;Mexico;MEX;P-08809;6;57;0;2H;0;0
G-1825;2002;M-2002-27;T-24;Ecuador;ECU;P-06431;11;5;0;1H;0;0
G-1826;2002;M-2002-28;T-16;Costa Rica;CRI;P-08565;12;86;0;2H;0;0
G-1827;2002;M-2002-28;T-76;Turkey;TUR;P-09162;21;56;0;2H;0;0
G-1828;2002;M-2002-29;T-42;Japan;JPN;P-03800;5;51;0;2H;0;0
G-1829;2002;M-2002-30;T-68;South Korea;KOR;P-07103;19;78;0;2H;0;0
G-1830;2002;M-2002-30;T-79;United States;USA;P-02894;11;24;0;1H;0;0
G-1831;2002;M-2002-31;T-75;Tunisia;TUN;P-00691;12;17;0;1H;0;0
G-1832;2002;M-2002-31;T-06;Belgium;BEL;P-09603;7;13;0;1H;0;0
G-1833;2002;M-2002-32;T-56;Portugal;PRT;P-01987;9;14;0;1H;0;0
G-1834;2002;M-2002-32;T-56;Portugal;PRT;P-01987;9;65;0;2H;0;0
G-1835;2002;M-2002-32;T-56;Portugal;PRT;P-01987;9;77;0;2H;0;0
G-1836;2002;M-2002-32;T-56;Portugal;PRT;P-06526;10;88;0;2H;0;0
G-1837;2002;M-2002-33;T-21;Denmark;DNK;P-02256;19;22;0;1H;0;0
G-1838;2002;M-2002-33;T-21;Denmark;DNK;P-09841;9;67;0;2H;0;0
G-1839;2002;M-2002-34;T-62;Senegal;SEN;P-06879;10;20;0;1H;0;1
G-1840;2002;M-2002-34;T-62;Senegal;SEN;P-04667;19;26;0;1H;0;0
G-1841;2002;M-2002-34;T-62;Senegal;SEN;P-04667;19;38;0;1H;0;0
G-1842;2002;M-2002-34;T-80;Uruguay;URY;P-06065;18;46;0;2H;0;0
G-1843;2002;M-2002-34;T-80;Uruguay;URY;P-01628;21;69;0;2H;0;0
G-1844;2002;M-2002-34;T-80;Uruguay;URY;P-00467;20;88;0;2H;0;1
G-1845;2002;M-2002-35;T-29;Germany;DEU;P-03200;17;50;0;2H;0;0
G-1846;2002;M-2002-35;T-29;Germany;DEU;P-05239;11;79;0;2H;0;0
G-1847;2002;M-2002-36;T-57;Republic of Ireland;IRL;P-08628;10;7;0;1H;0;0
G-1848;2002;M-2002-36;T-57;Republic of Ireland;IRL;P-09101;14;61;0;2H;0;0
G-1849;2002;M-2002-36;T-57;Republic of Ireland;IRL;P-09973;9;87;0;2H;0;0
G-1850;2002;M-2002-38;T-71;Sweden;SWE;P-00988;8;59;0;2H;0;0
G-1851;2002;M-2002-38;T-03;Argentina;ARG;P-07013;19;88;0;2H;0;0
G-1852;2002;M-2002-39;T-66;Slovenia;SVN;P-00419;18;45;1;1H, AM;0;0
G-1853;2002;M-2002-39;T-53;Paraguay;PRY;P-02234;23;65;0;2H;0;0
G-1854;2002;M-2002-39;T-53;Paraguay;PRY;P-02234;23;84;0;2H;0;0
G-1855;2002;M-2002-39;T-53;Paraguay;PRY;P-03065;11;73;0;2H;0;0
G-1856;2002;M-2002-40;T-67;South Africa;ZAF;P-03822;17;31;0;1H;0;0
G-1857;2002;M-2002-40;T-67;South Africa;ZAF;P-07803;19;53;0;2H;0;0
G-1858;2002;M-2002-40;T-70;Spain;ESP;P-03846;7;4;0;1H;0;0
G-1859;2002;M-2002-40;T-70;Spain;ESP;P-03846;7;56;0;2H;0;0
G-1860;2002;M-2002-40;T-70;Spain;ESP;P-02339;16;45;1;1H, AM;0;0
G-1861;2002;M-2002-41;T-16;Costa Rica;CRI;P-00792;9;39;0;1H;0;0
G-1862;2002;M-2002-41;T-16;Costa Rica;CRI;P-06595;11;56;0;2H;0;0
G-1863;2002;M-2002-41;T-09;Brazil;BRA;P-04601;9;10;0;1H;0;0
G-1864;2002;M-2002-41;T-09;Brazil;BRA;P-04601;9;13;0;1H;0;0
G-1865;2002;M-2002-41;T-09;Brazil;BRA;P-01775;5;38;0;1H;0;0
G-1866;2002;M-2002-41;T-09;Brazil;BRA;P-00008;10;62;0;2H;0;0
G-1867;2002;M-2002-41;T-09;Brazil;BRA;P-01564;16;64;0;2H;0;0
G-1868;2002;M-2002-42;T-76;Turkey;TUR;P-01357;11;6;0;1H;0;0
G-1869;2002;M-2002-42;T-76;Turkey;TUR;P-04118;3;9;0;1H;0;0
G-1870;2002;M-2002-42;T-76;Turkey;TUR;P-01361;22;85;0;2H;0;0
G-1871;2002;M-2002-43;T-24;Ecuador;ECU;P-06477;19;48;0;2H;0;0
G-1872;2002;M-2002-44;T-44;Mexico;MEX;P-09320;9;34;0;1H;0;0
G-1873;2002;M-2002-44;T-39;Italy;ITA;P-09417;7;85;0;2H;0;0
G-1874;2002;M-2002-45;T-06;Belgium;BEL;P-02628;10;7;0;1H;0;0
G-1875;2002;M-2002-45;T-06;Belgium;BEL;P-07820;9;78;0;2H;0;0
G-1876;2002;M-2002-45;T-06;Belgium;BEL;P-09603;7;82;0;2H;0;0
G-1877;2002;M-2002-45;T-59;Russia;RUS;P-02105;11;52;0;2H;0;0
G-1878;2002;M-2002-45;T-59;Russia;RUS;P-03504;22;88;0;2H;0;0
G-1879;2002;M-2002-46;T-42;Japan;JPN;P-04309;8;48;0;2H;0;0
G-1880;2002;M-2002-46;T-42;Japan;JPN;P-08622;7;75;0;2H;0;0
G-1881;2002;M-2002-47;T-55;Poland;POL;P-05113;11;3;0;1H;0;0
G-1882;2002;M-2002-47;T-55;Poland;POL;P-00972;9;5;0;1H;0;0
G-1883;2002;M-2002-47;T-55;Poland;POL;P-05873;14;66;0;2H;0;0
G-1884;2002;M-2002-47;T-79;United States;USA;P-06818;21;83;0;2H;0;0
G-1885;2002;M-2002-48;T-68;South Korea;KOR;P-00100;21;70;0;2H;0;0
G-1886;2002;M-2002-49;T-29;Germany;DEU;P-03809;7;88;0;2H;0;0
G-1887;2002;M-2002-50;T-27;England;ENG;P-06624;5;5;0;1H;0;0
G-1888;2002;M-2002-50;T-27;England;ENG;P-07705;10;22;0;1H;0;0
G-1889;2002;M-2002-50;T-27;England;ENG;P-02832;11;44;0;1H;0;0
G-1890;2002;M-2002-51;T-71;Sweden;SWE;P-09697;11;11;0;1H;0;0
G-1891;2002;M-2002-51;T-62;Senegal;SEN;P-06850;7;37;0;1H;0;0
G-1892;2002;M-2002-51;T-62;Senegal;SEN;P-06850;7;104;0;ET, 1H;0;0
G-1893;2002;M-2002-52;T-70;Spain;ESP;P-01593;9;8;0;1H;0;0
G-1894;2002;M-2002-52;T-57;Republic of Ireland;IRL;P-08628;10;90;0;2H;0;1
G-1895;2002;M-2002-53;T-79;United States;USA;P-07284;20;8;0;1H;0;0
G-1896;2002;M-2002-53;T-79;United States;USA;P-06818;21;65;0;2H;0;0
G-1897;2002;M-2002-54;T-09;Brazil;BRA;P-00008;10;67;0;2H;0;0
G-1898;2002;M-2002-54;T-09;Brazil;BRA;P-04601;9;87;0;2H;0;0
G-1899;2002;M-2002-55;T-76;Turkey;TUR;P-01361;22;12;0;1H;0;0
G-1900;2002;M-2002-56;T-68;South Korea;KOR;P-07749;9;88;0;2H;0;0
G-1901;2002;M-2002-56;T-68;South Korea;KOR;P-07103;19;117;0;ET, 2H;0;0
G-1902;2002;M-2002-56;T-39;Italy;ITA;P-04765;21;18;0;1H;0;0
G-1903;2002;M-2002-57;T-27;England;ENG;P-07705;10;23;0;1H;0;0
G-1904;2002;M-2002-57;T-09;Brazil;BRA;P-00008;10;45;2;1H, AM;0;0
G-1905;2002;M-2002-57;T-09;Brazil;BRA;P-09952;11;50;0;2H;0;0
G-1906;2002;M-2002-58;T-29;Germany;DEU;P-05827;13;39;0;1H;0;0
G-1907;2002;M-2002-60;T-76;Turkey;TUR;P-01607;17;94;0;ET, 1H;0;0
G-1908;2002;M-2002-61;T-29;Germany;DEU;P-05827;13;75;0;2H;0;0
G-1909;2002;M-2002-62;T-09;Brazil;BRA;P-04601;9;49;0;2H;0;0
G-1910;2002;M-2002-63;T-68;South Korea;KOR;P-05103;13;9;0;1H;0;0
G-1911;2002;M-2002-63;T-68;South Korea;KOR;P-07275;22;90;3;2H, AM;0;0
G-1912;2002;M-2002-63;T-76;Turkey;TUR;P-06124;9;1;0;1H;0;0
G-1913;2002;M-2002-63;T-76;Turkey;TUR;P-01607;17;13;0;1H;0;0
G-1914;2002;M-2002-63;T-76;Turkey;TUR;P-01607;17;32;0;1H;0;0
G-1915;2002;M-2002-64;T-09;Brazil;BRA;P-04601;9;67;0;2H;0;0
G-1916;2002;M-2002-64;T-09;Brazil;BRA;P-04601;9;79;0;2H;0;0
G-1917;2006;M-2006-01;T-29;Germany;DEU;P-00485;16;6;0;1H;0;0
G-1918;2006;M-2006-01;T-29;Germany;DEU;P-05239;11;17;0;1H;0;0
G-1919;2006;M-2006-01;T-29;Germany;DEU;P-05239;11;61;0;2H;0;0
G-1920;2006;M-2006-01;T-29;Germany;DEU;P-02737;8;87;0;2H;0;0
G-1921;2006;M-2006-01;T-16;Costa Rica;CRI;P-00792;9;12;0;1H;0;0
G-1922;2006;M-2006-01;T-16;Costa Rica;CRI;P-00792;9;73;0;2H;0;0
G-1923;2006;M-2006-02;T-24;Ecuador;ECU;P-09367;21;24;0;1H;0;0
G-1924;2006;M-2006-02;T-24;Ecuador;ECU;P-06431;11;80;0;2H;0;0
G-1925;2006;M-2006-03;T-27;England;ENG;P-03869;4;3;0;1H;1;0
G-1926;2006;M-2006-05;T-03;Argentina;ARG;P-07013;9;24;0;1H;0;0
G-1927;2006;M-2006-05;T-03;Argentina;ARG;P-00238;7;38;0;1H;0;0
G-1928;2006;M-2006-05;T-40;Ivory Coast;CIV;P-08969;11;82;0;2H;0;0
G-1929;2006;M-2006-06;T-46;Netherlands;NLD;P-06098;11;18;0;1H;0;0
G-1930;2006;M-2006-07;T-44;Mexico;MEX;P-05224;19;28;0;1H;0;0
G-1931;2006;M-2006-07;T-44;Mexico;MEX;P-05224;19;76;0;2H;0;0
G-1932;2006;M-2006-07;T-44;Mexico;MEX;P-04575;7;79;0;2H;0;0
G-1933;2006;M-2006-07;T-36;Iran;IRN;P-01408;4;36;0;1H;0;0
G-1934;2006;M-2006-08;T-56;Portugal;PRT;P-01987;9;4;0;1H;0;0
G-1935;2006;M-2006-09;T-04;Australia;AUS;P-09745;4;84;0;2H;0;0
G-1936;2006;M-2006-09;T-04;Australia;AUS;P-09745;4;89;0;2H;0;0
G-1937;2006;M-2006-09;T-04;Australia;AUS;P-04807;15;90;2;2H, AM;0;0
G-1938;2006;M-2006-09;T-42;Japan;JPN;P-08266;10;26;0;1H;0;0
G-1939;2006;M-2006-10;T-19;Czech Republic;CZE;P-08610;9;5;0;1H;0;0
G-1940;2006;M-2006-10;T-19;Czech Republic;CZE;P-03836;10;36;0;1H;0;0
G-1941;2006;M-2006-10;T-19;Czech Republic;CZE;P-03836;10;76;0;2H;0;0
G-1942;2006;M-2006-11;T-39;Italy;ITA;P-09247;21;40;0;1H;0;0
G-1943;2006;M-2006-11;T-39;Italy;ITA;P-06801;15;83;0;2H;0;0
G-1944;2006;M-2006-12;T-68;South Korea;KOR;P-06863;14;54;0;2H;0;0
G-1945;2006;M-2006-12;T-68;South Korea;KOR;P-07103;9;72;0;2H;0;0
G-1946;2006;M-2006-12;T-73;Togo;TGO;P-08090;17;31;0;1H;0;0
G-1947;2006;M-2006-14;T-09;Brazil;BRA;P-02726;8;44;0;1H;0;0
G-1948;2006;M-2006-15;T-70;Spain;ESP;P-03244;14;13;0;1H;0;0
G-1949;2006;M-2006-15;T-70;Spain;ESP;P-04291;21;17;0;1H;0;0
G-1950;2006;M-2006-15;T-70;Spain;ESP;P-04291;21;48;0;2H;0;1
G-1951;2006;M-2006-15;T-70;Spain;ESP;P-06519;9;81;0;2H;0;0
G-1952;2006;M-2006-16;T-75;Tunisia;TUN;P-09989;5;23;0;1H;0;0
G-1953;2006;M-2006-16;T-75;Tunisia;TUN;P-09167;15;90;2;2H, AM;0;0
G-1954;2006;M-2006-16;T-60;Saudi Arabia;SAU;P-05687;20;57;0;2H;0;0
G-1955;2006;M-2006-16;T-60;Saudi Arabia;SAU;P-06162;9;84;0;2H;0;0
G-1956;2006;M-2006-17;T-29;Germany;DEU;P-03809;10;90;1;2H, AM;0;0
G-1957;2006;M-2006-18;T-24;Ecuador;ECU;P-09367;21;8;0;1H;0;0
G-1958;2006;M-2006-18;T-24;Ecuador;ECU;P-06431;11;54;0;2H;0;0
G-1959;2006;M-2006-18;T-24;Ecuador;ECU;P-09701;10;90;2;2H, AM;0;0
G-1960;2006;M-2006-19;T-27;England;ENG;P-09504;21;83;0;2H;0;0
G-1961;2006;M-2006-19;T-27;England;ENG;P-07513;4;90;1;2H, AM;0;0
G-1962;2006;M-2006-20;T-71;Sweden;SWE;P-01499;9;89;0;2H;0;0
G-1963;2006;M-2006-21;T-03;Argentina;ARG;P-09914;18;6;0;1H;0;0
G-1964;2006;M-2006-21;T-03;Argentina;ARG;P-09914;18;41;0;1H;0;0
G-1965;2006;M-2006-21;T-03;Argentina;ARG;P-08770;5;31;0;1H;0;0
G-1966;2006;M-2006-21;T-03;Argentina;ARG;P-07013;9;78;0;2H;0;0
G-1967;2006;M-2006-21;T-03;Argentina;ARG;P-02135;11;84;0;2H;0;0
G-1968;2006;M-2006-21;T-03;Argentina;ARG;P-06410;19;88;0;2H;0;0
G-1969;2006;M-2006-22;T-46;Netherlands;NLD;P-05286;17;23;0;1H;0;0
G-1970;2006;M-2006-22;T-46;Netherlands;NLD;P-08919;9;27;0;1H;0;0
G-1971;2006;M-2006-22;T-40;Ivory Coast;CIV;P-05586;14;38;0;1H;0;0
G-1972;2006;M-2006-24;T-56;Portugal;PRT;P-03802;20;63;0;2H;0;0
G-1973;2006;M-2006-24;T-56;Portugal;PRT;P-03015;17;80;0;2H;0;1
G-1974;2006;M-2006-25;T-30;Ghana;GHA;P-07680;3;2;0;1H;0;0
G-1975;2006;M-2006-25;T-30;Ghana;GHA;P-02970;11;82;0;2H;0;0
G-1976;2006;M-2006-26;T-39;Italy;ITA;P-07752;11;22;0;1H;0;0
G-1977;2006;M-2006-26;T-79;United States;USA;P-00890;2;27;0;1H;1;0
G-1978;2006;M-2006-28;T-09;Brazil;BRA;P-08367;7;49;0;2H;0;0
G-1979;2006;M-2006-28;T-09;Brazil;BRA;P-09130;21;90;0;2H;0;0
G-1980;2006;M-2006-29;T-28;France;FRA;P-06999;12;9;0;1H;0;0
G-1981;2006;M-2006-29;T-68;South Korea;KOR;P-00100;7;81;0;2H;0;0
G-1982;2006;M-2006-30;T-72;Switzerland;CHE;P-02320;9;16;0;1H;0;0
G-1983;2006;M-2006-30;T-72;Switzerland;CHE;P-00432;16;88;0;2H;0;0
G-1984;2006;M-2006-31;T-77;Ukraine;UKR;P-06359;6;4;0;1H;0;0
G-1985;2006;M-2006-31;T-77;Ukraine;UKR;P-00704;11;36;0;1H;0;0
G-1986;2006;M-2006-31;T-77;Ukraine;UKR;P-08264;7;46;0;2H;0;0
G-1987;2006;M-2006-31;T-77;Ukraine;UKR;P-08084;19;84;0;2H;0;0
G-1988;2006;M-2006-32;T-70;Spain;ESP;P-03846;7;71;0;2H;0;0
G-1989;2006;M-2006-32;T-70;Spain;ESP;P-06519;9;76;0;2H;0;0
G-1990;2006;M-2006-32;T-70;Spain;ESP;P-06519;9;90;1;2H, AM;0;1
G-1991;2006;M-2006-32;T-75;Tunisia;TUN;P-09351;12;8;0;1H;0;0
G-1992;2006;M-2006-33;T-16;Costa Rica;CRI;P-06595;11;25;0;1H;0;0
G-1993;2006;M-2006-33;T-55;Poland;POL;P-04761;19;33;0;1H;0;0
G-1994;2006;M-2006-33;T-55;Poland;POL;P-04761;19;65;0;2H;0;0
G-1995;2006;M-2006-34;T-29;Germany;DEU;P-05239;11;4;0;1H;0;0
G-1996;2006;M-2006-34;T-29;Germany;DEU;P-05239;11;44;0;1H;0;0
G-1997;2006;M-2006-34;T-29;Germany;DEU;P-07597;20;57;0;2H;0;0
G-1998;2006;M-2006-35;T-53;Paraguay;PRY;P-02234;23;86;0;2H;0;0
G-1999;2006;M-2006-35;T-53;Paraguay;PRY;P-04849;5;25;0;1H;1;0
G-2000;2006;M-2006-36;T-71;Sweden;SWE;P-06184;20;51;0;2H;0;0
G-2001;2006;M-2006-36;T-71;Sweden;SWE;P-09697;11;90;0;2H;0;0
G-2002;2006;M-2006-36;T-27;England;ENG;P-00931;11;34;0;1H;0;0
G-2003;2006;M-2006-36;T-27;England;ENG;P-07513;4;85;0;2H;0;0
G-2004;2006;M-2006-37;T-36;Iran;IRN;P-07555;3;75;0;2H;0;0
G-2005;2006;M-2006-37;T-02;Angola;AGO;P-06810;16;60;0;2H;0;0
G-2006;2006;M-2006-38;T-56;Portugal;PRT;P-05696;18;6;0;1H;0;0
G-2007;2006;M-2006-38;T-56;Portugal;PRT;P-04616;11;24;0;1H;0;1
G-2008;2006;M-2006-38;T-44;Mexico;MEX;P-00845;17;29;0;1H;0;0
G-2009;2006;M-2006-39;T-40;Ivory Coast;CIV;P-07422;15;37;0;1H;0;1
G-2010;2006;M-2006-39;T-40;Ivory Coast;CIV;P-07422;15;67;0;2H;0;0
G-2011;2006;M-2006-39;T-40;Ivory Coast;CIV;P-09731;8;86;0;2H;0;1
G-2012;2006;M-2006-39;T-64;Serbia and Montenegro;SCG;P-09048;19;10;0;1H;0;0
G-2013;2006;M-2006-39;T-64;Serbia and Montenegro;SCG;P-02389;22;20;0;1H;0;0
G-2014;2006;M-2006-41;T-39;Italy;ITA;P-06473;23;26;0;1H;0;0
G-2015;2006;M-2006-41;T-39;Italy;ITA;P-09404;18;87;0;2H;0;0
G-2016;2006;M-2006-42;T-30;Ghana;GHA;P-08900;23;22;0;1H;0;0
G-2017;2006;M-2006-42;T-30;Ghana;GHA;P-04406;10;45;2;1H, AM;0;1
G-2018;2006;M-2006-42;T-79;United States;USA;P-04433;8;43;0;1H;0;0
G-2019;2006;M-2006-43;T-17;Croatia;HRV;P-09858;2;2;0;1H;0;0
G-2020;2006;M-2006-43;T-17;Croatia;HRV;P-05226;10;56;0;2H;0;0
G-2021;2006;M-2006-43;T-04;Australia;AUS;P-08141;3;38;0;1H;0;1
G-2022;2006;M-2006-43;T-04;Australia;AUS;P-06101;10;79;0;2H;0;0
G-2023;2006;M-2006-44;T-42;Japan;JPN;P-04718;20;34;0;1H;0;0
G-2024;2006;M-2006-44;T-09;Brazil;BRA;P-04601;9;45;1;1H, AM;0;0
G-2025;2006;M-2006-44;T-09;Brazil;BRA;P-04601;9;81;0;2H;0;0
G-2026;2006;M-2006-44;T-09;Brazil;BRA;P-01278;19;53;0;2H;0;0
G-2027;2006;M-2006-44;T-09;Brazil;BRA;P-08461;16;59;0;2H;0;0
G-2028;2006;M-2006-45;T-70;Spain;ESP;P-04267;20;36;0;1H;0;0
G-2029;2006;M-2006-46;T-77;Ukraine;UKR;P-08264;7;70;0;2H;0;1
G-2030;2006;M-2006-47;T-72;Switzerland;CHE;P-05851;4;23;0;1H;0;0
G-2031;2006;M-2006-47;T-72;Switzerland;CHE;P-02320;9;77;0;2H;0;0
G-2032;2006;M-2006-48;T-28;France;FRA;P-07271;4;55;0;2H;0;0
G-2033;2006;M-2006-48;T-28;France;FRA;P-06999;12;61;0;2H;0;0
G-2034;2006;M-2006-49;T-29;Germany;DEU;P-07597;20;4;0;1H;0;0
G-2035;2006;M-2006-49;T-29;Germany;DEU;P-07597;20;12;0;1H;0;0
G-2036;2006;M-2006-50;T-03;Argentina;ARG;P-07013;9;10;0;1H;0;0
G-2037;2006;M-2006-50;T-03;Argentina;ARG;P-09914;18;98;0;ET, 1H;0;0
G-2038;2006;M-2006-50;T-44;Mexico;MEX;P-02847;4;6;0;1H;0;0
G-2039;2006;M-2006-51;T-27;England;ENG;P-00614;7;60;0;2H;0;0
G-2040;2006;M-2006-52;T-56;Portugal;PRT;P-05696;18;23;0;1H;0;0
G-2041;2006;M-2006-53;T-39;Italy;ITA;P-01266;10;90;5;2H, AM;0;1
G-2042;2006;M-2006-55;T-09;Brazil;BRA;P-04601;9;5;0;1H;0;0
G-2043;2006;M-2006-55;T-09;Brazil;BRA;P-08367;7;45;1;1H, AM;0;0
G-2044;2006;M-2006-55;T-09;Brazil;BRA;P-03062;11;84;0;2H;0;0
G-2045;2006;M-2006-56;T-70;Spain;ESP;P-04291;21;28;0;1H;0;1
G-2046;2006;M-2006-56;T-28;France;FRA;P-06507;22;41;0;1H;0;0
G-2047;2006;M-2006-56;T-28;France;FRA;P-07271;4;83;0;2H;0;0
G-2048;2006;M-2006-56;T-28;France;FRA;P-03582;10;90;2;2H, AM;0;0
G-2049;2006;M-2006-57;T-29;Germany;DEU;P-05239;11;80;0;2H;0;0
G-2050;2006;M-2006-57;T-03;Argentina;ARG;P-09897;2;49;0;2H;0;0
G-2051;2006;M-2006-58;T-39;Italy;ITA;P-02305;19;6;0;1H;0;0
G-2052;2006;M-2006-58;T-39;Italy;ITA;P-03638;9;59;0;2H;0;0
G-2053;2006;M-2006-58;T-39;Italy;ITA;P-03638;9;69;0;2H;0;0
G-2054;2006;M-2006-60;T-28;France;FRA;P-06999;12;57;0;2H;0;0
G-2055;2006;M-2006-61;T-39;Italy;ITA;P-08133;3;119;0;ET, 2H;0;0
G-2056;2006;M-2006-61;T-39;Italy;ITA;P-09417;7;120;1;ET, 2H, AM;0;0
G-2057;2006;M-2006-62;T-28;France;FRA;P-03582;10;33;0;1H;0;1
G-2058;2006;M-2006-63;T-29;Germany;DEU;P-03082;7;56;0;2H;0;0
G-2059;2006;M-2006-63;T-29;Germany;DEU;P-03082;7;78;0;2H;0;0
G-2060;2006;M-2006-63;T-56;Portugal;PRT;P-07384;21;88;0;2H;0;0
G-2061;2006;M-2006-63;T-29;Germany;DEU;P-08111;8;60;0;2H;1;0
G-2062;2006;M-2006-64;T-39;Italy;ITA;P-06473;23;19;0;1H;0;0
G-2063;2006;M-2006-64;T-28;France;FRA;P-03582;10;7;0;1H;0;1
G-2064;2010;M-2010-01;T-67;South Africa;ZAF;P-05473;8;55;0;2H;0;0
G-2065;2010;M-2010-01;T-44;Mexico;MEX;P-02847;4;79;0;2H;0;0
G-2066;2010;M-2010-03;T-68;South Korea;KOR;P-01725;14;7;0;1H;0;0
G-2067;2010;M-2010-03;T-68;South Korea;KOR;P-00100;7;52;0;2H;0;0
G-2068;2010;M-2010-04;T-03;Argentina;ARG;P-06528;6;6;0;1H;0;0
G-2069;2010;M-2010-05;T-27;England;ENG;P-07513;4;4;0;1H;0;0
G-2070;2010;M-2010-05;T-79;United States;USA;P-04433;8;40;0;1H;0;0
G-2071;2010;M-2010-06;T-66;Slovenia;SVN;P-04968;8;79;0;2H;0;0
G-2072;2010;M-2010-07;T-30;Ghana;GHA;P-07680;3;85;0;2H;0;1
G-2073;2010;M-2010-08;T-29;Germany;DEU;P-07597;10;8;0;1H;0;0
G-2074;2010;M-2010-08;T-29;Germany;DEU;P-05239;11;26;0;1H;0;0
G-2075;2010;M-2010-08;T-29;Germany;DEU;P-00904;13;68;0;2H;0;0
G-2076;2010;M-2010-08;T-29;Germany;DEU;P-09199;19;70;0;2H;0;0
G-2077;2010;M-2010-09;T-46;Netherlands;NLD;P-04256;7;85;0;2H;0;0
G-2078;2010;M-2010-09;T-46;Netherlands;NLD;P-08906;4;46;0;2H;1;0
G-2079;2010;M-2010-10;T-42;Japan;JPN;P-04468;18;39;0;1H;0;0
G-2080;2010;M-2010-11;T-39;Italy;ITA;P-04810;6;63;0;2H;0;0
G-2081;2010;M-2010-11;T-53;Paraguay;PRY;P-01056;21;39;0;1H;0;0
G-2082;2010;M-2010-12;T-47;New Zealand;NZL;P-07468;4;90;3;2H, AM;0;0
G-2083;2010;M-2010-12;T-65;Slovakia;SVK;P-08013;11;50;0;2H;0;0
G-2084;2010;M-2010-14;T-09;Brazil;BRA;P-09704;2;55;0;2H;0;0
G-2085;2010;M-2010-14;T-09;Brazil;BRA;P-08273;7;72;0;2H;0;0
G-2086;2010;M-2010-14;T-49;North Korea;PRK;P-07082;8;89;0;2H;0;0
G-2087;2010;M-2010-15;T-13;Chile;CHL;P-07780;15;34;0;1H;0;0
G-2088;2010;M-2010-16;T-72;Switzerland;CHE;P-01302;16;52;0;2H;0;0
G-2089;2010;M-2010-17;T-80;Uruguay;URY;P-01628;10;24;0;1H;0;0
G-2090;2010;M-2010-17;T-80;Uruguay;URY;P-01628;10;80;0;2H;0;1
G-2091;2010;M-2010-17;T-80;Uruguay;URY;P-05259;11;90;5;2H, AM;0;0
G-2092;2010;M-2010-18;T-03;Argentina;ARG;P-00300;9;33;0;1H;0;0
G-2093;2010;M-2010-18;T-03;Argentina;ARG;P-00300;9;76;0;2H;0;0
G-2094;2010;M-2010-18;T-03;Argentina;ARG;P-00300;9;80;0;2H;0;0
G-2095;2010;M-2010-18;T-68;South Korea;KOR;P-09156;17;45;1;1H, AM;0;0
G-2096;2010;M-2010-18;T-03;Argentina;ARG;P-08534;10;17;0;1H;1;0
G-2097;2010;M-2010-19;T-31;Greece;GRC;P-02656;14;44;0;1H;0;0
G-2098;2010;M-2010-19;T-31;Greece;GRC;P-09277;15;71;0;2H;0;0
G-2099;2010;M-2010-19;T-48;Nigeria;NGA;P-06768;12;16;0;1H;0;0
G-2100;2010;M-2010-20;T-44;Mexico;MEX;P-07104;14;64;0;2H;0;0
G-2101;2010;M-2010-20;T-44;Mexico;MEX;P-00729;10;79;0;2H;0;1
G-2102;2010;M-2010-21;T-63;Serbia;SRB;P-01618;14;38;0;1H;0;0
G-2103;2010;M-2010-22;T-66;Slovenia;SVN;P-04713;10;13;0;1H;0;0
G-2104;2010;M-2010-22;T-66;Slovenia;SVN;P-03165;9;42;0;1H;0;0
G-2105;2010;M-2010-22;T-79;United States;USA;P-06818;10;48;0;2H;0;0
G-2106;2010;M-2010-22;T-79;United States;USA;P-06235;4;82;0;2H;0;0
G-2107;2010;M-2010-24;T-46;Netherlands;NLD;P-06373;10;53;0;2H;0;0
G-2108;2010;M-2010-25;T-30;Ghana;GHA;P-07680;3;25;0;1H;0;1
G-2109;2010;M-2010-25;T-04;Australia;AUS;P-04940;14;11;0;1H;0;0
G-2110;2010;M-2010-26;T-11;Cameroon;CMR;P-03935;9;10;0;1H;0;0
G-2111;2010;M-2010-26;T-21;Denmark;DNK;P-01764;11;33;0;1H;0;0
G-2112;2010;M-2010-26;T-21;Denmark;DNK;P-02256;19;61;0;2H;0;0
G-2113;2010;M-2010-27;T-53;Paraguay;PRY;P-02510;13;27;0;1H;0;0
G-2114;2010;M-2010-27;T-53;Paraguay;PRY;P-04961;16;86;0;2H;0;0
G-2115;2010;M-2010-28;T-39;Italy;ITA;P-06801;9;29;0;1H;0;1
G-2116;2010;M-2010-28;T-47;New Zealand;NZL;P-03936;9;7;0;1H;0;0
G-2117;2010;M-2010-29;T-09;Brazil;BRA;P-06981;9;25;0;1H;0;0
G-2118;2010;M-2010-29;T-09;Brazil;BRA;P-06981;9;50;0;2H;0;0
G-2119;2010;M-2010-29;T-09;Brazil;BRA;P-08273;7;62;0;2H;0;0
G-2120;2010;M-2010-29;T-40;Ivory Coast;CIV;P-08969;11;79;0;2H;0;0
G-2121;2010;M-2010-30;T-56;Portugal;PRT;P-06038;16;29;0;1H;0;0
G-2122;2010;M-2010-30;T-56;Portugal;PRT;P-04616;11;53;0;2H;0;0
G-2123;2010;M-2010-30;T-56;Portugal;PRT;P-09658;18;56;0;2H;0;0
G-2124;2010;M-2010-30;T-56;Portugal;PRT;P-05056;19;60;0;2H;0;0
G-2125;2010;M-2010-30;T-56;Portugal;PRT;P-05056;19;89;0;2H;0;0
G-2126;2010;M-2010-30;T-56;Portugal;PRT;P-00909;9;81;0;2H;0;0
G-2127;2010;M-2010-30;T-56;Portugal;PRT;P-03015;7;87;0;2H;0;0
G-2128;2010;M-2010-31;T-13;Chile;CHL;P-00224;11;75;0;2H;0;0
G-2129;2010;M-2010-32;T-70;Spain;ESP;P-04291;7;17;0;1H;0;0
G-2130;2010;M-2010-32;T-70;Spain;ESP;P-04291;7;51;0;2H;0;0
G-2131;2010;M-2010-33;T-28;France;FRA;P-03934;15;70;0;2H;0;0
G-2132;2010;M-2010-33;T-67;South Africa;ZAF;P-08621;20;20;0;1H;0;0
G-2133;2010;M-2010-33;T-67;South Africa;ZAF;P-08963;9;37;0;1H;0;0
G-2134;2010;M-2010-34;T-80;Uruguay;URY;P-05749;9;43;0;1H;0;0
G-2135;2010;M-2010-35;T-03;Argentina;ARG;P-07699;2;77;0;2H;0;0
G-2136;2010;M-2010-35;T-03;Argentina;ARG;P-05247;18;89;0;2H;0;0
G-2137;2010;M-2010-36;T-48;Nigeria;NGA;P-06768;12;12;0;1H;0;0
G-2138;2010;M-2010-36;T-48;Nigeria;NGA;P-00509;8;69;0;2H;0;1
G-2139;2010;M-2010-36;T-68;South Korea;KOR;P-01725;14;38;0;1H;0;0
G-2140;2010;M-2010-36;T-68;South Korea;KOR;P-08534;10;49;0;2H;0;0
G-2141;2010;M-2010-37;T-27;England;ENG;P-00781;19;23;0;1H;0;0
G-2142;2010;M-2010-38;T-79;United States;USA;P-06818;10;90;1;2H, AM;0;0
G-2143;2010;M-2010-39;T-04;Australia;AUS;P-09745;4;69;0;2H;0;0
G-2144;2010;M-2010-39;T-04;Australia;AUS;P-04940;14;73;0;2H;0;0
G-2145;2010;M-2010-39;T-63;Serbia;SRB;P-03319;9;84;0;2H;0;0
G-2146;2010;M-2010-40;T-29;Germany;DEU;P-05458;8;60;0;2H;0;0
G-2147;2010;M-2010-42;T-65;Slovakia;SVK;P-08013;11;25;0;1H;0;0
G-2148;2010;M-2010-42;T-65;Slovakia;SVK;P-08013;11;73;0;2H;0;0
G-2149;2010;M-2010-42;T-65;Slovakia;SVK;P-02342;20;89;0;2H;0;0
G-2150;2010;M-2010-42;T-39;Italy;ITA;P-08291;10;81;0;2H;0;0
G-2151;2010;M-2010-42;T-39;Italy;ITA;P-05544;18;90;2;2H, AM;0;0
G-2152;2010;M-2010-43;T-11;Cameroon;CMR;P-03935;9;65;0;2H;0;1
G-2153;2010;M-2010-43;T-46;Netherlands;NLD;P-05286;9;36;0;1H;0;0
G-2154;2010;M-2010-43;T-46;Netherlands;NLD;P-03271;21;83;0;2H;0;0
G-2155;2010;M-2010-44;T-21;Denmark;DNK;P-09841;9;81;0;2H;0;0
G-2156;2010;M-2010-44;T-42;Japan;JPN;P-04468;18;17;0;1H;0;0
G-2157;2010;M-2010-44;T-42;Japan;JPN;P-00514;7;30;0;1H;0;0
G-2158;2010;M-2010-44;T-42;Japan;JPN;P-03847;9;87;0;2H;0;0
G-2159;2010;M-2010-45;T-40;Ivory Coast;CIV;P-02735;19;14;0;1H;0;0
G-2160;2010;M-2010-45;T-40;Ivory Coast;CIV;P-05935;13;20;0;1H;0;0
G-2161;2010;M-2010-45;T-40;Ivory Coast;CIV;P-04006;8;82;0;2H;0;0
G-2162;2010;M-2010-47;T-13;Chile;CHL;P-04113;20;47;0;2H;0;0
G-2163;2010;M-2010-47;T-70;Spain;ESP;P-04291;7;24;0;1H;0;0
G-2164;2010;M-2010-47;T-70;Spain;ESP;P-02237;6;37;0;1H;0;0
G-2165;2010;M-2010-49;T-80;Uruguay;URY;P-05749;9;8;0;1H;0;0
G-2166;2010;M-2010-49;T-80;Uruguay;URY;P-05749;9;80;0;2H;0;0
G-2167;2010;M-2010-49;T-68;South Korea;KOR;P-09156;17;68;0;2H;0;0
G-2168;2010;M-2010-50;T-79;United States;USA;P-06818;10;62;0;2H;0;1
G-2169;2010;M-2010-50;T-30;Ghana;GHA;P-00259;23;5;0;1H;0;0
G-2170;2010;M-2010-50;T-30;Ghana;GHA;P-07680;3;93;0;ET, 1H;0;0
G-2171;2010;M-2010-51;T-29;Germany;DEU;P-05239;11;20;0;1H;0;0
G-2172;2010;M-2010-51;T-29;Germany;DEU;P-07597;10;32;0;1H;0;0
G-2173;2010;M-2010-51;T-29;Germany;DEU;P-00904;13;67;0;2H;0;0
G-2174;2010;M-2010-51;T-29;Germany;DEU;P-00904;13;70;0;2H;0;0
G-2175;2010;M-2010-51;T-27;England;ENG;P-08811;15;37;0;1H;0;0
G-2176;2010;M-2010-52;T-03;Argentina;ARG;P-02135;11;26;0;1H;0;0
G-2177;2010;M-2010-52;T-03;Argentina;ARG;P-02135;11;52;0;2H;0;0
G-2178;2010;M-2010-52;T-03;Argentina;ARG;P-00300;9;33;0;1H;0;0
G-2179;2010;M-2010-52;T-44;Mexico;MEX;P-07104;14;71;0;2H;0;0
G-2180;2010;M-2010-53;T-46;Netherlands;NLD;P-06098;11;18;0;1H;0;0
G-2181;2010;M-2010-53;T-46;Netherlands;NLD;P-06373;10;84;0;2H;0;0
G-2182;2010;M-2010-53;T-65;Slovakia;SVK;P-08013;11;90;4;2H, AM;0;1
G-2183;2010;M-2010-54;T-09;Brazil;BRA;P-04958;4;35;0;1H;0;0
G-2184;2010;M-2010-54;T-09;Brazil;BRA;P-06981;9;38;0;1H;0;0
G-2185;2010;M-2010-54;T-09;Brazil;BRA;P-05977;11;59;0;2H;0;0
G-2186;2010;M-2010-56;T-70;Spain;ESP;P-04291;7;63;0;2H;0;0
G-2187;2010;M-2010-57;T-46;Netherlands;NLD;P-06373;10;53;0;2H;0;0
G-2188;2010;M-2010-57;T-46;Netherlands;NLD;P-06373;10;68;0;2H;0;0
G-2189;2010;M-2010-57;T-09;Brazil;BRA;P-05977;11;10;0;1H;0;0
G-2190;2010;M-2010-58;T-80;Uruguay;URY;P-01628;10;55;0;2H;0;0
G-2191;2010;M-2010-58;T-30;Ghana;GHA;P-02970;11;45;2;1H, AM;0;0
G-2192;2010;M-2010-59;T-29;Germany;DEU;P-00904;13;3;0;1H;0;0
G-2193;2010;M-2010-59;T-29;Germany;DEU;P-05239;11;68;0;2H;0;0
G-2194;2010;M-2010-59;T-29;Germany;DEU;P-05239;11;89;0;2H;0;0
G-2195;2010;M-2010-59;T-29;Germany;DEU;P-06104;3;74;0;2H;0;0
G-2196;2010;M-2010-60;T-70;Spain;ESP;P-04291;7;83;0;2H;0;0
G-2197;2010;M-2010-61;T-80;Uruguay;URY;P-01628;10;41;0;1H;0;0
G-2198;2010;M-2010-61;T-80;Uruguay;URY;P-03202;16;90;2;2H, AM;0;0
G-2199;2010;M-2010-61;T-46;Netherlands;NLD;P-06698;5;18;0;1H;0;0
G-2200;2010;M-2010-61;T-46;Netherlands;NLD;P-06373;10;70;0;2H;0;0
G-2201;2010;M-2010-61;T-46;Netherlands;NLD;P-06098;11;73;0;2H;0;0
G-2202;2010;M-2010-62;T-70;Spain;ESP;P-00568;5;73;0;2H;0;0
G-2203;2010;M-2010-63;T-80;Uruguay;URY;P-00985;7;28;0;1H;0;0
G-2204;2010;M-2010-63;T-80;Uruguay;URY;P-01628;10;51;0;2H;0;0
G-2205;2010;M-2010-63;T-29;Germany;DEU;P-00904;13;19;0;1H;0;0
G-2206;2010;M-2010-63;T-29;Germany;DEU;P-08755;2;56;0;2H;0;0
G-2207;2010;M-2010-63;T-29;Germany;DEU;P-00049;6;82;0;2H;0;0
G-2208;2010;M-2010-64;T-70;Spain;ESP;P-02237;6;116;0;ET, 2H;0;0
G-2209;2014;M-2014-01;T-09;Brazil;BRA;P-01576;10;29;0;1H;0;0
G-2210;2014;M-2014-01;T-09;Brazil;BRA;P-01576;10;71;0;2H;0;1
G-2211;2014;M-2014-01;T-09;Brazil;BRA;P-07869;11;90;1;2H, AM;0;0
G-2212;2014;M-2014-01;T-17;Croatia;HRV;P-08112;6;12;0;1H;1;0
G-2213;2014;M-2014-02;T-44;Mexico;MEX;P-01677;19;61;0;2H;0;0
G-2214;2014;M-2014-03;T-70;Spain;ESP;P-03244;14;27;0;1H;0;1
G-2215;2014;M-2014-03;T-46;Netherlands;NLD;P-05286;9;44;0;1H;0;0
G-2216;2014;M-2014-03;T-46;Netherlands;NLD;P-05286;9;72;0;2H;0;0
G-2217;2014;M-2014-03;T-46;Netherlands;NLD;P-06098;11;53;0;2H;0;0
G-2218;2014;M-2014-03;T-46;Netherlands;NLD;P-06098;11;80;0;2H;0;0
G-2219;2014;M-2014-03;T-46;Netherlands;NLD;P-06774;3;64;0;2H;0;0
G-2220;2014;M-2014-04;T-13;Chile;CHL;P-08149;7;12;0;1H;0;0
G-2221;2014;M-2014-04;T-13;Chile;CHL;P-03528;10;14;0;1H;0;0
G-2222;2014;M-2014-04;T-13;Chile;CHL;P-07780;15;90;2;2H, AM;0;0
G-2223;2014;M-2014-04;T-04;Australia;AUS;P-09745;4;35;0;1H;0;0
G-2224;2014;M-2014-05;T-15;Colombia;COL;P-02817;7;5;0;1H;0;0
G-2225;2014;M-2014-05;T-15;Colombia;COL;P-04355;9;58;0;2H;0;0
G-2226;2014;M-2014-05;T-15;Colombia;COL;P-03676;10;90;3;2H, AM;0;0
G-2227;2014;M-2014-06;T-80;Uruguay;URY;P-00985;21;24;0;1H;0;1
G-2228;2014;M-2014-06;T-16;Costa Rica;CRI;P-04407;9;54;0;2H;0;0
G-2229;2014;M-2014-06;T-16;Costa Rica;CRI;P-04533;6;57;0;2H;0;0
G-2230;2014;M-2014-06;T-16;Costa Rica;CRI;P-09443;21;84;0;2H;0;0
G-2231;2014;M-2014-07;T-27;England;ENG;P-07055;9;37;0;1H;0;0
G-2232;2014;M-2014-07;T-39;Italy;ITA;P-03343;8;35;0;1H;0;0
G-2233;2014;M-2014-07;T-39;Italy;ITA;P-04874;9;50;0;2H;0;0
G-2234;2014;M-2014-08;T-40;Ivory Coast;CIV;P-04997;12;64;0;2H;0;0
G-2235;2014;M-2014-08;T-40;Ivory Coast;CIV;P-01756;10;66;0;2H;0;0
G-2236;2014;M-2014-08;T-42;Japan;JPN;P-04468;4;16;0;1H;0;0
G-2237;2014;M-2014-09;T-72;Switzerland;CHE;P-03832;18;48;0;2H;0;0
G-2238;2014;M-2014-09;T-72;Switzerland;CHE;P-09827;9;90;3;2H, AM;0;0
G-2239;2014;M-2014-09;T-24;Ecuador;ECU;P-04001;13;22;0;1H;0;0
G-2240;2014;M-2014-10;T-28;France;FRA;P-00798;10;45;0;1H;0;1
G-2241;2014;M-2014-10;T-28;France;FRA;P-00798;10;72;0;2H;0;0
G-2242;2014;M-2014-10;T-28;France;FRA;P-09085;18;48;0;2H;1;0
G-2243;2014;M-2014-11;T-03;Argentina;ARG;P-06410;10;65;0;2H;0;0
G-2244;2014;M-2014-11;T-08;Bosnia and Herzegovina;BIH;P-02959;9;85;0;2H;0;0
G-2245;2014;M-2014-11;T-03;Argentina;ARG;P-01609;5;3;0;1H;1;0
G-2246;2014;M-2014-12;T-29;Germany;DEU;P-00904;13;12;0;1H;0;1
G-2247;2014;M-2014-12;T-29;Germany;DEU;P-00904;13;45;1;1H, AM;0;0
G-2248;2014;M-2014-12;T-29;Germany;DEU;P-00904;13;78;0;2H;0;0
G-2249;2014;M-2014-12;T-29;Germany;DEU;P-03386;5;32;0;1H;0;0
G-2250;2014;M-2014-14;T-30;Ghana;GHA;P-02485;10;82;0;2H;0;0
G-2251;2014;M-2014-14;T-79;United States;USA;P-04433;8;1;0;1H;0;0
G-2252;2014;M-2014-14;T-79;United States;USA;P-09091;6;86;0;2H;0;0
G-2253;2014;M-2014-15;T-06;Belgium;BEL;P-00718;8;70;0;2H;0;0
G-2254;2014;M-2014-15;T-06;Belgium;BEL;P-06609;14;80;0;2H;0;0
G-2255;2014;M-2014-15;T-01;Algeria;DZA;P-09126;10;25;0;1H;0;1
G-2256;2014;M-2014-17;T-59;Russia;RUS;P-08283;11;74;0;2H;0;0
G-2257;2014;M-2014-17;T-68;South Korea;KOR;P-09490;11;68;0;2H;0;0
G-2258;2014;M-2014-18;T-04;Australia;AUS;P-09745;4;21;0;1H;0;0
G-2259;2014;M-2014-18;T-04;Australia;AUS;P-08920;15;54;0;2H;0;1
G-2260;2014;M-2014-18;T-46;Netherlands;NLD;P-06098;11;20;0;1H;0;0
G-2261;2014;M-2014-18;T-46;Netherlands;NLD;P-05286;9;58;0;2H;0;0
G-2262;2014;M-2014-18;T-46;Netherlands;NLD;P-01083;21;68;0;2H;0;0
G-2263;2014;M-2014-19;T-13;Chile;CHL;P-03790;11;20;0;1H;0;0
G-2264;2014;M-2014-19;T-13;Chile;CHL;P-01784;20;43;0;1H;0;0
G-2265;2014;M-2014-20;T-17;Croatia;HRV;P-08876;18;11;0;1H;0;0
G-2266;2014;M-2014-20;T-17;Croatia;HRV;P-04888;4;48;0;2H;0;0
G-2267;2014;M-2014-20;T-17;Croatia;HRV;P-09489;17;61;0;2H;0;0
G-2268;2014;M-2014-20;T-17;Croatia;HRV;P-09489;17;73;0;2H;0;0
G-2269;2014;M-2014-21;T-15;Colombia;COL;P-03676;10;64;0;2H;0;0
G-2270;2014;M-2014-21;T-15;Colombia;COL;P-02343;20;70;0;2H;0;0
G-2271;2014;M-2014-21;T-40;Ivory Coast;CIV;P-01756;10;73;0;2H;0;0
G-2272;2014;M-2014-22;T-80;Uruguay;URY;P-05749;9;39;0;1H;0;0
G-2273;2014;M-2014-22;T-80;Uruguay;URY;P-05749;9;85;0;2H;0;0
G-2274;2014;M-2014-22;T-27;England;ENG;P-06747;10;75;0;2H;0;0
G-2275;2014;M-2014-24;T-16;Costa Rica;CRI;P-01537;10;44;0;1H;0;0
G-2276;2014;M-2014-25;T-72;Switzerland;CHE;P-03892;15;81;0;2H;0;0
G-2277;2014;M-2014-25;T-72;Switzerland;CHE;P-03575;10;87;0;2H;0;0
G-2278;2014;M-2014-25;T-28;France;FRA;P-09623;9;17;0;1H;0;0
G-2279;2014;M-2014-25;T-28;France;FRA;P-08606;14;18;0;1H;0;0
G-2280;2014;M-2014-25;T-28;France;FRA;P-02212;8;40;0;1H;0;0
G-2281;2014;M-2014-25;T-28;France;FRA;P-00798;10;67;0;2H;0;0
G-2282;2014;M-2014-25;T-28;France;FRA;P-02032;18;73;0;2H;0;0
G-2283;2014;M-2014-26;T-33;Honduras;HND;P-02503;13;31;0;1H;0;0
G-2284;2014;M-2014-26;T-24;Ecuador;ECU;P-04001;13;34;0;1H;0;0
G-2285;2014;M-2014-26;T-24;Ecuador;ECU;P-04001;13;65;0;2H;0;0
G-2286;2014;M-2014-27;T-03;Argentina;ARG;P-06410;10;90;1;2H, AM;0;0
G-2287;2014;M-2014-28;T-29;Germany;DEU;P-02208;19;51;0;2H;0;0
G-2288;2014;M-2014-28;T-29;Germany;DEU;P-05239;11;71;0;2H;0;0
G-2289;2014;M-2014-28;T-30;Ghana;GHA;P-02485;10;54;0;2H;0;0
G-2290;2014;M-2014-28;T-30;Ghana;GHA;P-07680;3;63;0;2H;0;0
G-2291;2014;M-2014-29;T-48;Nigeria;NGA;P-06909;8;29;0;1H;0;0
G-2292;2014;M-2014-30;T-06;Belgium;BEL;P-03835;17;88;0;2H;0;0
G-2293;2014;M-2014-31;T-68;South Korea;KOR;P-01218;9;50;0;2H;0;0
G-2294;2014;M-2014-31;T-68;South Korea;KOR;P-08255;13;72;0;2H;0;0
G-2295;2014;M-2014-31;T-01;Algeria;DZA;P-02287;13;26;0;1H;0;0
G-2296;2014;M-2014-31;T-01;Algeria;DZA;P-03640;5;28;0;1H;0;0
G-2297;2014;M-2014-31;T-01;Algeria;DZA;P-04262;18;38;0;1H;0;0
G-2298;2014;M-2014-31;T-01;Algeria;DZA;P-02558;11;62;0;2H;0;0
G-2299;2014;M-2014-32;T-79;United States;USA;P-05154;13;64;0;2H;0;0
G-2300;2014;M-2014-32;T-79;United States;USA;P-04433;8;81;0;2H;0;0
G-2301;2014;M-2014-32;T-56;Portugal;PRT;P-07327;17;5;0;1H;0;0
G-2302;2014;M-2014-32;T-56;Portugal;PRT;P-01755;18;90;5;2H, AM;0;0
G-2303;2014;M-2014-33;T-70;Spain;ESP;P-04291;7;36;0;1H;0;0
G-2304;2014;M-2014-33;T-70;Spain;ESP;P-06519;9;69;0;2H;0;0
G-2305;2014;M-2014-33;T-70;Spain;ESP;P-08708;13;82;0;2H;0;0
G-2306;2014;M-2014-34;T-46;Netherlands;NLD;P-03709;18;77;0;2H;0;0
G-2307;2014;M-2014-34;T-46;Netherlands;NLD;P-01083;21;90;2;2H, AM;0;0
G-2308;2014;M-2014-35;T-11;Cameroon;CMR;P-09548;21;26;0;1H;0;0
G-2309;2014;M-2014-35;T-09;Brazil;BRA;P-01576;10;17;0;1H;0;0
G-2310;2014;M-2014-35;T-09;Brazil;BRA;P-01576;10;35;0;1H;0;0
G-2311;2014;M-2014-35;T-09;Brazil;BRA;P-09130;9;49;0;2H;0;0
G-2312;2014;M-2014-35;T-09;Brazil;BRA;P-07790;5;84;0;2H;0;0
G-2313;2014;M-2014-36;T-17;Croatia;HRV;P-04888;4;87;0;2H;0;0
G-2314;2014;M-2014-36;T-44;Mexico;MEX;P-02847;4;72;0;2H;0;0
G-2315;2014;M-2014-36;T-44;Mexico;MEX;P-05170;18;75;0;2H;0;0
G-2316;2014;M-2014-36;T-44;Mexico;MEX;P-07104;14;82;0;2H;0;0
G-2317;2014;M-2014-38;T-80;Uruguay;URY;P-05457;3;81;0;2H;0;0
G-2318;2014;M-2014-39;T-42;Japan;JPN;P-03847;9;45;1;1H, AM;0;0
G-2319;2014;M-2014-39;T-15;Colombia;COL;P-05374;11;17;0;1H;0;1
G-2320;2014;M-2014-39;T-15;Colombia;COL;P-00278;21;55;0;2H;0;0
G-2321;2014;M-2014-39;T-15;Colombia;COL;P-00278;21;82;0;2H;0;0
G-2322;2014;M-2014-39;T-15;Colombia;COL;P-03676;10;90;0;2H;0;0
G-2323;2014;M-2014-40;T-31;Greece;GRC;P-06148;22;42;0;1H;0;0
G-2324;2014;M-2014-40;T-31;Greece;GRC;P-00791;7;90;3;2H, AM;0;1
G-2325;2014;M-2014-40;T-40;Ivory Coast;CIV;P-04997;12;74;0;2H;0;0
G-2326;2014;M-2014-41;T-08;Bosnia and Herzegovina;BIH;P-01282;11;23;0;1H;0;0
G-2327;2014;M-2014-41;T-08;Bosnia and Herzegovina;BIH;P-03840;8;59;0;2H;0;0
G-2328;2014;M-2014-41;T-08;Bosnia and Herzegovina;BIH;P-04173;2;83;0;2H;0;0
G-2329;2014;M-2014-41;T-36;Iran;IRN;P-09098;16;82;0;2H;0;0
G-2330;2014;M-2014-42;T-48;Nigeria;NGA;P-09657;7;4;0;1H;0;0
G-2331;2014;M-2014-42;T-48;Nigeria;NGA;P-09657;7;47;0;2H;0;0
G-2332;2014;M-2014-42;T-03;Argentina;ARG;P-06410;10;3;0;1H;0;0
G-2333;2014;M-2014-42;T-03;Argentina;ARG;P-06410;10;45;1;1H, AM;0;0
G-2334;2014;M-2014-42;T-03;Argentina;ARG;P-02956;16;50;0;2H;0;0
G-2335;2014;M-2014-43;T-72;Switzerland;CHE;P-02710;23;6;0;1H;0;0
G-2336;2014;M-2014-43;T-72;Switzerland;CHE;P-02710;23;31;0;1H;0;0
G-2337;2014;M-2014-43;T-72;Switzerland;CHE;P-02710;23;71;0;2H;0;0
G-2338;2014;M-2014-45;T-56;Portugal;PRT;P-03015;7;80;0;2H;0;0
G-2339;2014;M-2014-45;T-30;Ghana;GHA;P-07680;3;57;0;2H;0;0
G-2340;2014;M-2014-45;T-56;Portugal;PRT;P-05148;21;31;0;1H;1;0
G-2341;2014;M-2014-46;T-29;Germany;DEU;P-00904;13;55;0;2H;0;0
G-2342;2014;M-2014-47;T-01;Algeria;DZA;P-02287;13;60;0;2H;0;0
G-2343;2014;M-2014-47;T-59;Russia;RUS;P-04161;9;6;0;1H;0;0
G-2344;2014;M-2014-48;T-06;Belgium;BEL;P-09346;5;78;0;2H;0;0
G-2345;2014;M-2014-49;T-09;Brazil;BRA;P-01380;4;18;0;1H;0;0
G-2346;2014;M-2014-49;T-13;Chile;CHL;P-08149;7;32;0;1H;0;0
G-2347;2014;M-2014-50;T-15;Colombia;COL;P-03676;10;28;0;1H;0;0
G-2348;2014;M-2014-50;T-15;Colombia;COL;P-03676;10;50;0;2H;0;0
G-2349;2014;M-2014-51;T-46;Netherlands;NLD;P-06373;10;88;0;2H;0;0
G-2350;2014;M-2014-51;T-46;Netherlands;NLD;P-03271;19;90;4;2H, AM;0;1
G-2351;2014;M-2014-51;T-44;Mexico;MEX;P-07818;10;48;0;2H;0;0
G-2352;2014;M-2014-52;T-16;Costa Rica;CRI;P-01537;10;52;0;2H;0;0
G-2353;2014;M-2014-52;T-31;Greece;GRC;P-03120;19;90;1;2H, AM;0;0
G-2354;2014;M-2014-53;T-28;France;FRA;P-06083;19;79;0;2H;0;0
G-2355;2014;M-2014-53;T-28;France;FRA;P-01415;2;90;2;2H, AM;1;0
G-2356;2014;M-2014-54;T-29;Germany;DEU;P-09818;9;92;0;ET, 1H;0;0
G-2357;2014;M-2014-54;T-29;Germany;DEU;P-05458;8;120;0;ET, 2H;0;0
G-2358;2014;M-2014-54;T-01;Algeria;DZA;P-04262;18;120;1;ET, 2H, AM;0;0
G-2359;2014;M-2014-55;T-03;Argentina;ARG;P-04158;7;118;0;ET, 2H;0;0
G-2360;2014;M-2014-56;T-06;Belgium;BEL;P-09445;7;93;0;ET, 1H;0;0
G-2361;2014;M-2014-56;T-06;Belgium;BEL;P-02175;9;105;0;ET, 1H;0;0
G-2362;2014;M-2014-56;T-79;United States;USA;P-06110;16;107;0;ET, 2H;0;0
G-2363;2014;M-2014-57;T-29;Germany;DEU;P-03386;5;13;0;1H;0;0
G-2364;2014;M-2014-58;T-09;Brazil;BRA;P-02425;3;7;0;1H;0;0
G-2365;2014;M-2014-58;T-09;Brazil;BRA;P-01380;4;69;0;2H;0;0
G-2366;2014;M-2014-58;T-15;Colombia;COL;P-03676;10;80;0;2H;0;1
G-2367;2014;M-2014-59;T-03;Argentina;ARG;P-00300;9;8;0;1H;0;0
G-2368;2014;M-2014-61;T-09;Brazil;BRA;P-07869;11;90;0;2H;0;0
G-2369;2014;M-2014-61;T-29;Germany;DEU;P-00904;13;11;0;1H;0;0
G-2370;2014;M-2014-61;T-29;Germany;DEU;P-05239;11;23;0;1H;0;0
G-2371;2014;M-2014-61;T-29;Germany;DEU;P-03473;18;24;0;1H;0;0
G-2372;2014;M-2014-61;T-29;Germany;DEU;P-03473;18;26;0;1H;0;0
G-2373;2014;M-2014-61;T-29;Germany;DEU;P-00049;6;29;0;1H;0;0
G-2374;2014;M-2014-61;T-29;Germany;DEU;P-09818;9;69;0;2H;0;0
G-2375;2014;M-2014-61;T-29;Germany;DEU;P-09818;9;79;0;2H;0;0
G-2376;2014;M-2014-63;T-46;Netherlands;NLD;P-05286;9;3;0;1H;0;1
G-2377;2014;M-2014-63;T-46;Netherlands;NLD;P-04511;5;17;0;1H;0;0
G-2378;2014;M-2014-63;T-46;Netherlands;NLD;P-01696;20;90;1;2H, AM;0;0
G-2379;2014;M-2014-64;T-29;Germany;DEU;P-02208;19;113;0;ET, 2H;0;0
G-2380;2018;M-2018-01;T-59;Russia;RUS;P-04916;8;12;0;1H;0;0
G-2381;2018;M-2018-01;T-59;Russia;RUS;P-03235;6;43;0;1H;0;0
G-2382;2018;M-2018-01;T-59;Russia;RUS;P-03235;6;90;1;2H, AM;0;0
G-2383;2018;M-2018-01;T-59;Russia;RUS;P-02333;22;71;0;2H;0;0
G-2384;2018;M-2018-01;T-59;Russia;RUS;P-09666;17;90;4;2H, AM;0;0
G-2385;2018;M-2018-02;T-80;Uruguay;URY;P-05093;2;89;0;2H;0;0
G-2386;2018;M-2018-03;T-36;Iran;IRN;P-08853;20;90;5;2H, AM;1;0
G-2387;2018;M-2018-04;T-56;Portugal;PRT;P-03015;7;4;0;1H;0;1
G-2388;2018;M-2018-04;T-56;Portugal;PRT;P-03015;7;44;0;1H;0;0
G-2389;2018;M-2018-04;T-56;Portugal;PRT;P-03015;7;88;0;2H;0;0
G-2390;2018;M-2018-04;T-70;Spain;ESP;P-05908;19;24;0;1H;0;0
G-2391;2018;M-2018-04;T-70;Spain;ESP;P-05908;19;55;0;2H;0;0
G-2392;2018;M-2018-04;T-70;Spain;ESP;P-08736;4;58;0;2H;0;0
G-2393;2018;M-2018-05;T-28;France;FRA;P-06140;7;58;0;2H;0;1
G-2394;2018;M-2018-05;T-04;Australia;AUS;P-08920;15;62;0;2H;0;1
G-2395;2018;M-2018-05;T-28;France;FRA;P-03998;16;81;0;2H;1;0
G-2396;2018;M-2018-06;T-03;Argentina;ARG;P-01157;19;19;0;1H;0;0
G-2397;2018;M-2018-06;T-35;Iceland;ISL;P-01866;11;23;0;1H;0;0
G-2398;2018;M-2018-07;T-21;Denmark;DNK;P-05846;20;59;0;2H;0;0
G-2399;2018;M-2018-08;T-17;Croatia;HRV;P-03056;10;71;0;2H;0;1
G-2400;2018;M-2018-08;T-17;Croatia;HRV;P-02645;8;32;0;1H;1;0
G-2401;2018;M-2018-09;T-63;Serbia;SRB;P-08249;11;56;0;2H;0;0
G-2402;2018;M-2018-10;T-44;Mexico;MEX;P-08544;22;35;0;1H;0;0
G-2403;2018;M-2018-11;T-09;Brazil;BRA;P-07487;11;20;0;1H;0;0
G-2404;2018;M-2018-11;T-72;Switzerland;CHE;P-04170;14;50;0;2H;0;0
G-2405;2018;M-2018-12;T-71;Sweden;SWE;P-04441;4;65;0;2H;0;1
G-2406;2018;M-2018-13;T-06;Belgium;BEL;P-06609;14;47;0;2H;0;0
G-2407;2018;M-2018-13;T-06;Belgium;BEL;P-02175;9;69;0;2H;0;0
G-2408;2018;M-2018-13;T-06;Belgium;BEL;P-02175;9;75;0;2H;0;0
G-2409;2018;M-2018-14;T-75;Tunisia;TUN;P-06072;13;35;0;1H;0;1
G-2410;2018;M-2018-14;T-27;England;ENG;P-08448;9;11;0;1H;0;0
G-2411;2018;M-2018-14;T-27;England;ENG;P-08448;9;90;1;2H, AM;0;0
G-2412;2018;M-2018-15;T-15;Colombia;COL;P-02343;20;39;0;1H;0;0
G-2413;2018;M-2018-15;T-42;Japan;JPN;P-03379;10;6;0;1H;0;1
G-2414;2018;M-2018-15;T-42;Japan;JPN;P-01627;15;73;0;2H;0;0
G-2415;2018;M-2018-16;T-55;Poland;POL;P-03372;10;86;0;2H;0;0
G-2416;2018;M-2018-16;T-62;Senegal;SEN;P-03964;19;60;0;2H;0;0
G-2417;2018;M-2018-16;T-62;Senegal;SEN;P-07121;4;37;0;1H;1;0
G-2418;2018;M-2018-17;T-59;Russia;RUS;P-03235;6;59;0;2H;0;0
G-2419;2018;M-2018-17;T-59;Russia;RUS;P-02333;22;62;0;2H;0;0
G-2420;2018;M-2018-17;T-25;Egypt;EGY;P-09422;10;73;0;2H;0;1
G-2421;2018;M-2018-17;T-59;Russia;RUS;P-07592;7;47;0;2H;1;0
G-2422;2018;M-2018-18;T-56;Portugal;PRT;P-03015;7;4;0;1H;0;0
G-2423;2018;M-2018-19;T-80;Uruguay;URY;P-05749;9;23;0;1H;0;0
G-2424;2018;M-2018-20;T-70;Spain;ESP;P-05908;19;54;0;2H;0;0
G-2425;2018;M-2018-21;T-21;Denmark;DNK;P-03262;10;7;0;1H;0;0
G-2426;2018;M-2018-21;T-04;Australia;AUS;P-08920;15;38;0;1H;0;1
G-2427;2018;M-2018-22;T-28;France;FRA;P-02842;10;34;0;1H;0;0
G-2428;2018;M-2018-23;T-17;Croatia;HRV;P-03363;18;53;0;2H;0;0
G-2429;2018;M-2018-23;T-17;Croatia;HRV;P-03056;10;80;0;2H;0;0
G-2430;2018;M-2018-23;T-17;Croatia;HRV;P-05588;7;90;1;2H, AM;0;0
G-2431;2018;M-2018-24;T-09;Brazil;BRA;P-07487;11;90;1;2H, AM;0;0
G-2432;2018;M-2018-24;T-09;Brazil;BRA;P-01576;10;90;7;2H, AM;0;0
G-2433;2018;M-2018-25;T-48;Nigeria;NGA;P-09657;7;49;0;2H;0;0
G-2434;2018;M-2018-25;T-48;Nigeria;NGA;P-09657;7;75;0;2H;0;0
G-2435;2018;M-2018-26;T-63;Serbia;SRB;P-03872;9;5;0;1H;0;0
G-2436;2018;M-2018-26;T-72;Switzerland;CHE;P-03575;10;52;0;2H;0;0
G-2437;2018;M-2018-26;T-72;Switzerland;CHE;P-02710;23;90;0;2H;0;0
G-2438;2018;M-2018-27;T-06;Belgium;BEL;P-04214;10;6;0;1H;0;1
G-2439;2018;M-2018-27;T-06;Belgium;BEL;P-04214;10;51;0;2H;0;0
G-2440;2018;M-2018-27;T-06;Belgium;BEL;P-02175;9;16;0;1H;0;0
G-2441;2018;M-2018-27;T-06;Belgium;BEL;P-02175;9;45;3;1H, AM;0;0
G-2442;2018;M-2018-27;T-06;Belgium;BEL;P-05828;21;90;0;2H;0;0
G-2443;2018;M-2018-27;T-75;Tunisia;TUN;P-08302;11;18;0;1H;0;0
G-2444;2018;M-2018-27;T-75;Tunisia;TUN;P-04187;10;90;3;2H, AM;0;0
G-2445;2018;M-2018-28;T-68;South Korea;KOR;P-01218;7;90;3;2H, AM;0;0
G-2446;2018;M-2018-28;T-44;Mexico;MEX;P-06343;11;26;0;1H;0;1
G-2447;2018;M-2018-28;T-44;Mexico;MEX;P-07104;14;66;0;2H;0;0
G-2448;2018;M-2018-29;T-29;Germany;DEU;P-09116;11;48;0;2H;0;0
G-2449;2018;M-2018-29;T-29;Germany;DEU;P-03473;8;90;5;2H, AM;0;0
G-2450;2018;M-2018-29;T-71;Sweden;SWE;P-07679;20;32;0;1H;0;0
G-2451;2018;M-2018-30;T-27;England;ENG;P-07039;5;8;0;1H;0;0
G-2452;2018;M-2018-30;T-27;England;ENG;P-07039;5;40;0;1H;0;0
G-2453;2018;M-2018-30;T-27;England;ENG;P-08448;9;22;0;1H;0;1
G-2454;2018;M-2018-30;T-27;England;ENG;P-08448;9;45;1;1H, AM;0;1
G-2455;2018;M-2018-30;T-27;England;ENG;P-08448;9;62;0;2H;0;0
G-2456;2018;M-2018-30;T-27;England;ENG;P-09733;7;36;0;1H;0;0
G-2457;2018;M-2018-30;T-52;Panama;PAN;P-02470;23;78;0;2H;0;0
G-2458;2018;M-2018-31;T-42;Japan;JPN;P-08843;14;34;0;1H;0;0
G-2459;2018;M-2018-31;T-42;Japan;JPN;P-04468;4;78;0;2H;0;0
G-2460;2018;M-2018-31;T-62;Senegal;SEN;P-09095;10;11;0;1H;0;0
G-2461;2018;M-2018-31;T-62;Senegal;SEN;P-04908;22;71;0;2H;0;0
G-2462;2018;M-2018-32;T-15;Colombia;COL;P-01385;13;40;0;1H;0;0
G-2463;2018;M-2018-32;T-15;Colombia;COL;P-03402;9;70;0;2H;0;0
G-2464;2018;M-2018-32;T-15;Colombia;COL;P-05374;11;75;0;2H;0;0
G-2465;2018;M-2018-33;T-60;Saudi Arabia;SAU;P-09480;7;45;6;1H, AM;0;1
G-2466;2018;M-2018-33;T-60;Saudi Arabia;SAU;P-03366;18;90;5;2H, AM;0;0
G-2467;2018;M-2018-33;T-25;Egypt;EGY;P-09422;10;22;0;1H;0;0
G-2468;2018;M-2018-34;T-80;Uruguay;URY;P-05749;9;10;0;1H;0;0
G-2469;2018;M-2018-34;T-80;Uruguay;URY;P-00985;21;90;0;2H;0;0
G-2470;2018;M-2018-34;T-80;Uruguay;URY;P-03235;6;23;0;1H;1;0
G-2471;2018;M-2018-35;T-70;Spain;ESP;P-06486;22;19;0;1H;0;0
G-2472;2018;M-2018-35;T-70;Spain;ESP;P-08847;17;90;1;2H, AM;0;0
G-2473;2018;M-2018-35;T-45;Morocco;MAR;P-07925;13;14;0;1H;0;0
G-2474;2018;M-2018-35;T-45;Morocco;MAR;P-01351;19;81;0;2H;0;0
G-2475;2018;M-2018-36;T-36;Iran;IRN;P-02640;10;90;3;2H, AM;0;1
G-2476;2018;M-2018-36;T-56;Portugal;PRT;P-06488;20;45;0;1H;0;0
G-2477;2018;M-2018-37;T-54;Peru;PER;P-07257;18;18;0;1H;0;0
G-2478;2018;M-2018-37;T-54;Peru;PER;P-04404;9;50;0;2H;0;0
G-2479;2018;M-2018-39;T-35;Iceland;ISL;P-02859;10;76;0;2H;0;1
G-2480;2018;M-2018-39;T-17;Croatia;HRV;P-09692;19;53;0;2H;0;0
G-2481;2018;M-2018-39;T-17;Croatia;HRV;P-04888;4;90;0;2H;0;0
G-2482;2018;M-2018-40;T-48;Nigeria;NGA;P-08787;11;51;0;2H;0;1
G-2483;2018;M-2018-40;T-03;Argentina;ARG;P-06410;10;14;0;1H;0;0
G-2484;2018;M-2018-40;T-03;Argentina;ARG;P-02956;16;86;0;2H;0;0
G-2485;2018;M-2018-41;T-68;South Korea;KOR;P-06085;19;90;2;2H, AM;0;0
G-2486;2018;M-2018-41;T-68;South Korea;KOR;P-01218;7;90;6;2H, AM;0;0
G-2487;2018;M-2018-42;T-71;Sweden;SWE;P-03603;6;50;0;2H;0;0
G-2488;2018;M-2018-42;T-71;Sweden;SWE;P-04441;4;62;0;2H;0;1
G-2489;2018;M-2018-42;T-71;Sweden;SWE;P-02421;21;74;0;2H;1;0
G-2490;2018;M-2018-43;T-09;Brazil;BRA;P-03917;15;36;0;1H;0;0
G-2491;2018;M-2018-43;T-09;Brazil;BRA;P-02425;2;68;0;2H;0;0
G-2492;2018;M-2018-44;T-72;Switzerland;CHE;P-03892;15;31;0;1H;0;0
G-2493;2018;M-2018-44;T-72;Switzerland;CHE;P-00218;19;88;0;2H;0;0
G-2494;2018;M-2018-44;T-16;Costa Rica;CRI;P-03225;19;56;0;2H;0;0
G-2495;2018;M-2018-44;T-16;Costa Rica;CRI;P-05007;1;90;3;2H, AM;1;0
G-2496;2018;M-2018-45;T-55;Poland;POL;P-01200;5;59;0;2H;0;0
G-2497;2018;M-2018-46;T-15;Colombia;COL;P-01385;13;74;0;2H;0;0
G-2498;2018;M-2018-47;T-06;Belgium;BEL;P-00051;18;51;0;2H;0;0
G-2499;2018;M-2018-48;T-75;Tunisia;TUN;P-03253;8;51;0;2H;0;0
G-2500;2018;M-2018-48;T-75;Tunisia;TUN;P-04187;10;66;0;2H;0;0
G-2501;2018;M-2018-48;T-52;Panama;PAN;P-07761;4;33;0;1H;1;0
G-2502;2018;M-2018-49;T-28;France;FRA;P-06140;7;13;0;1H;0;1
G-2503;2018;M-2018-49;T-28;France;FRA;P-00409;2;57;0;2H;0;0
G-2504;2018;M-2018-49;T-28;France;FRA;P-02842;10;64;0;2H;0;0
G-2505;2018;M-2018-49;T-28;France;FRA;P-02842;10;68;0;2H;0;0
G-2506;2018;M-2018-49;T-03;Argentina;ARG;P-04158;11;41;0;1H;0;0
G-2507;2018;M-2018-49;T-03;Argentina;ARG;P-07359;2;48;0;2H;0;0
G-2508;2018;M-2018-49;T-03;Argentina;ARG;P-01157;19;90;3;2H, AM;0;0
G-2509;2018;M-2018-50;T-80;Uruguay;URY;P-00985;21;7;0;1H;0;0
G-2510;2018;M-2018-50;T-80;Uruguay;URY;P-00985;21;62;0;2H;0;0
G-2511;2018;M-2018-50;T-56;Portugal;PRT;P-05692;3;55;0;2H;0;0
G-2512;2018;M-2018-51;T-59;Russia;RUS;P-02333;22;41;0;1H;0;1
G-2513;2018;M-2018-51;T-70;Spain;ESP;P-02908;4;12;0;1H;1;0
G-2514;2018;M-2018-52;T-17;Croatia;HRV;P-09489;17;4;0;1H;0;0
G-2515;2018;M-2018-52;T-21;Denmark;DNK;P-05647;13;1;0;1H;0;0
G-2516;2018;M-2018-53;T-09;Brazil;BRA;P-01576;10;51;0;2H;0;0
G-2517;2018;M-2018-53;T-09;Brazil;BRA;P-01940;20;88;0;2H;0;0
G-2518;2018;M-2018-54;T-06;Belgium;BEL;P-09346;5;69;0;2H;0;0
G-2519;2018;M-2018-54;T-06;Belgium;BEL;P-00718;8;74;0;2H;0;0
G-2520;2018;M-2018-54;T-06;Belgium;BEL;P-06292;22;90;4;2H, AM;0;0
G-2521;2018;M-2018-54;T-42;Japan;JPN;P-03878;8;48;0;2H;0;0
G-2522;2018;M-2018-54;T-42;Japan;JPN;P-08843;14;52;0;2H;0;0
G-2523;2018;M-2018-55;T-71;Sweden;SWE;P-06565;10;66;0;2H;0;0
G-2524;2018;M-2018-56;T-15;Colombia;COL;P-01385;13;90;3;2H, AM;0;0
G-2525;2018;M-2018-56;T-27;England;ENG;P-08448;9;57;0;2H;0;1
G-2526;2018;M-2018-57;T-28;France;FRA;P-06400;4;40;0;1H;0;0
G-2527;2018;M-2018-57;T-28;France;FRA;P-06140;7;61;0;2H;0;0
G-2528;2018;M-2018-58;T-09;Brazil;BRA;P-08163;8;76;0;2H;0;0
G-2529;2018;M-2018-58;T-06;Belgium;BEL;P-09445;7;31;0;1H;0;0
G-2530;2018;M-2018-58;T-06;Belgium;BEL;P-07790;17;13;0;1H;1;0
G-2531;2018;M-2018-59;T-27;England;ENG;P-03540;6;30;0;1H;0;0
G-2532;2018;M-2018-59;T-27;England;ENG;P-02492;20;59;0;2H;0;0
G-2533;2018;M-2018-60;T-59;Russia;RUS;P-03235;6;31;0;1H;0;0
G-2534;2018;M-2018-60;T-59;Russia;RUS;P-00156;2;115;0;ET, 2H;0;0
G-2535;2018;M-2018-60;T-17;Croatia;HRV;P-03779;9;39;0;1H;0;0
G-2536;2018;M-2018-60;T-17;Croatia;HRV;P-06323;21;101;0;ET, 1H;0;0
G-2537;2018;M-2018-61;T-28;France;FRA;P-07356;5;51;0;2H;0;0
G-2538;2018;M-2018-62;T-17;Croatia;HRV;P-04888;4;68;0;2H;0;0
G-2539;2018;M-2018-62;T-17;Croatia;HRV;P-09489;17;109;0;ET, 2H;0;0
G-2540;2018;M-2018-62;T-27;England;ENG;P-00490;12;5;0;1H;0;0
G-2541;2018;M-2018-63;T-06;Belgium;BEL;P-05305;15;4;0;1H;0;0
G-2542;2018;M-2018-63;T-06;Belgium;BEL;P-04214;10;82;0;2H;0;0
G-2543;2018;M-2018-64;T-28;France;FRA;P-06140;7;38;0;1H;0;1
G-2544;2018;M-2018-64;T-28;France;FRA;P-06083;6;59;0;2H;0;0
G-2545;2018;M-2018-64;T-28;France;FRA;P-02842;10;65;0;2H;0;0
G-2546;2018;M-2018-64;T-17;Croatia;HRV;P-04888;4;28;0;1H;0;0
G-2547;2018;M-2018-64;T-17;Croatia;HRV;P-09489;17;69;0;2H;0;0
G-2548;2018;M-2018-64;T-28;France;FRA;P-09489;17;18;0;1H;1;0
